hero,slot,ability,behavior,cast_point,damage_type,is_shard,is_scepter,anim_entry,anim_role,anim_instant_target,THREATS_ON_SELF,DISPLACEMENT_AFFORDANCE,ABILITY_TO_THREAT,THREAT_TIMING,THREAT_CATEGORY,THREAT_SEVERITY,LOTUS_WORTHY_INCOMING,ENEMY_CHANNEL_MODIFIERS,THREAT_TETHER_RANGE
abaddon,1,abaddon_death_coil,DOTA_ABILITY_BEHAVIOR_UNIT_TARGET,0.25,DAMAGE_TYPE_MAGICAL,,,,,,,,,,,,,,
abaddon,2,abaddon_aphotic_shield,DOTA_ABILITY_BEHAVIOR_UNIT_TARGET,0.3,DAMAGE_TYPE_MAGICAL,,,,,,,,,,,,,,
abaddon,3,abaddon_frostmourne,DOTA_ABILITY_BEHAVIOR_PASSIVE,0,DAMAGE_TYPE_MAGICAL,,,,,,,,,,,,,,
abaddon,4,abaddon_withering_mist,DOTA_ABILITY_BEHAVIOR_FORCE_NO_INNATE_UI|DOTA_ABILITY_BEHAVIOR_HIDDEN|DOTA_ABILITY_BEHAVIOR_NOT_LEARNABLE|DOTA_ABILITY_BEHAVIOR_PASSIVE,0,,,,,,,,,,,,,,,
abaddon,6,abaddon_borrowed_time,DOTA_ABILITY_BEHAVIOR_IGNORE_PSEUDO_QUEUE|DOTA_ABILITY_BEHAVIOR_IMMEDIATE|DOTA_ABILITY_BEHAVIOR_NO_TARGET,0,,,,,,,,,,,,,,,
abaddon,10,special_bonus_unique_abaddon_5,DOTA_ABILITY_BEHAVIOR_PASSIVE,0,,,,,,,,,,,,,,,
abaddon,11,special_bonus_unique_abaddon_7,DOTA_ABILITY_BEHAVIOR_PASSIVE,0,,,,,,,,,,,,,,,
abaddon,12,special_bonus_unique_abaddon_borrowed_time_cd,,,,,,,,,,,,,,,,,
abaddon,13,special_bonus_unique_abaddon_2,DOTA_ABILITY_BEHAVIOR_PASSIVE,0,,,,,,,,,,,,,,,
abaddon,14,special_bonus_unique_abaddon,DOTA_ABILITY_BEHAVIOR_PASSIVE,0,,,,,,,,,,,,,,,
abaddon,15,special_bonus_unique_abaddon_immolation,DOTA_ABILITY_BEHAVIOR_PASSIVE,0,,,,,,,,,,,,,,,
abaddon,16,special_bonus_unique_abaddon_3,DOTA_ABILITY_BEHAVIOR_PASSIVE,0,,,,,,,,,,,,,,,
abaddon,17,special_bonus_unique_abaddon_4,DOTA_ABILITY_BEHAVIOR_PASSIVE,0,,,,,,,,,,,,,,,
abyssal_underlord,1,abyssal_underlord_firestorm,DOTA_ABILITY_BEHAVIOR_AOE|DOTA_ABILITY_BEHAVIOR_POINT,0.5,DAMAGE_TYPE_MAGICAL,,,,,,,,,,,,,,
abyssal_underlord,2,abyssal_underlord_pit_of_malice,DOTA_ABILITY_BEHAVIOR_AOE|DOTA_ABILITY_BEHAVIOR_POINT,0.25,DAMAGE_TYPE_MAGICAL,,,,,,1,,1,1,1,1,,,
abyssal_underlord,3,abyssal_underlord_atrophy_aura,DOTA_ABILITY_BEHAVIOR_AURA|DOTA_ABILITY_BEHAVIOR_PASSIVE,0,DAMAGE_TYPE_PHYSICAL,,,,,,,,,,,,,,
abyssal_underlord,4,abyssal_underlord_raid_boss,DOTA_ABILITY_BEHAVIOR_HIDDEN|DOTA_ABILITY_BEHAVIOR_NOT_LEARNABLE|DOTA_ABILITY_BEHAVIOR_PASSIVE|DOTA_ABILITY_BEHAVIOR_SKIP_FOR_KEYBINDS,0,,,,,,,,,,,,,,,
abyssal_underlord,6,abyssal_underlord_dark_portal,DOTA_ABILITY_BEHAVIOR_IGNORE_BACKSWING|DOTA_ABILITY_BEHAVIOR_POINT,0,,,,,,,,,,,,,,,
abyssal_underlord,10,special_bonus_unique_underlord_7,,,,,,,,,,,,,,,,,
abyssal_underlord,11,special_bonus_unique_underlord_8,,,,,,,,,,,,,,,,,
abyssal_underlord,12,special_bonus_unique_underlord_6,,,,,,,,,,,,,,,,,
abyssal_underlord,13,special_bonus_unique_underlord_5,,,,,,,,,,,,,,,,,
abyssal_underlord,14,special_bonus_unique_underlord_4,,,,,,,,,,,,,,,,,
abyssal_underlord,15,special_bonus_unique_underlord_3,,,,,,,,,,,,,,,,,
abyssal_underlord,16,special_bonus_unique_underlord,,,,,,,,,,,,,,,,,
abyssal_underlord,17,special_bonus_unique_underlord_9,,,,,,,,,,,,,,,,,
alchemist,1,alchemist_acid_spray,DOTA_ABILITY_BEHAVIOR_AOE|DOTA_ABILITY_BEHAVIOR_POINT,0.1,DAMAGE_TYPE_PHYSICAL,,,,,,,,,,,,,,
alchemist,2,alchemist_unstable_concoction,DOTA_ABILITY_BEHAVIOR_IMMEDIATE|DOTA_ABILITY_BEHAVIOR_NO_TARGET,0,DAMAGE_TYPE_PHYSICAL,,,,,,,,,,,,,,
alchemist,3,alchemist_corrosive_weaponry,DOTA_ABILITY_BEHAVIOR_PASSIVE,0,,,,,,,,,,,,,,,
alchemist,4,alchemist_berserk_potion,DOTA_ABILITY_BEHAVIOR_HIDDEN|DOTA_ABILITY_BEHAVIOR_SHOW_IN_GUIDES|DOTA_ABILITY_BEHAVIOR_UNIT_TARGET,0.2,,1,,,,,,,,,,,,,
alchemist,5,alchemist_goblins_greed,DOTA_ABILITY_BEHAVIOR_FORCE_NO_INNATE_UI|DOTA_ABILITY_BEHAVIOR_HIDDEN|DOTA_ABILITY_BEHAVIOR_PASSIVE,0.2,,,,,,,,,,,,,,,
alchemist,6,alchemist_chemical_rage,DOTA_ABILITY_BEHAVIOR_NO_TARGET,0,,,,,,,,,,,,,,,
alchemist,7,alchemist_unstable_concoction_throw,DOTA_ABILITY_BEHAVIOR_AOE|DOTA_ABILITY_BEHAVIOR_HIDDEN|DOTA_ABILITY_BEHAVIOR_UNIT_TARGET,0.2,,,,,,,,,,,,,,,
alchemist,10,special_bonus_unique_alchemist_5,,,,,,,,,,,,,,,,,
alchemist,11,special_bonus_unique_alchemist,,,,,,,,,,,,,,,,,
alchemist,12,special_bonus_unique_alchemist_weaponry_power,,,,,,,,,,,,,,,,,
alchemist,13,special_bonus_unique_alchemist_7,,,,,,,,,,,,,,,,,
alchemist,14,special_bonus_unique_alchemist_8,,,,,,,,,,,,,,,,,
alchemist,15,special_bonus_unique_alchemist_2,,,,,,,,,,,,,,,,,
alchemist,16,special_bonus_unique_alchemist_6,,,,,,,,,,,,,,,,,
alchemist,17,special_bonus_unique_alchemist_4,,,,,,,,,,,,,,,,,
ancient_apparition,1,ancient_apparition_cold_feet,DOTA_ABILITY_BEHAVIOR_IGNORE_BACKSWING|DOTA_ABILITY_BEHAVIOR_UNIT_TARGET,0.01 0.01 0.01 0.01,DAMAGE_TYPE_MAGICAL,,,1,hard_disable,1,1,,1,,1,1,,,
ancient_apparition,2,ancient_apparition_ice_vortex,DOTA_ABILITY_BEHAVIOR_AOE|DOTA_ABILITY_BEHAVIOR_IGNORE_BACKSWING|DOTA_ABILITY_BEHAVIOR_POINT,0.01 0.01 0.01 0.01,DAMAGE_TYPE_MAGICAL,,,,,,,,,,,,,,
ancient_apparition,3,ancient_apparition_chilling_touch,DOTA_ABILITY_BEHAVIOR_ATTACK|DOTA_ABILITY_BEHAVIOR_AUTOCAST|DOTA_ABILITY_BEHAVIOR_UNIT_TARGET,0,DAMAGE_TYPE_MAGICAL,,,,,,,,,,,,,,
ancient_apparition,4,ancient_apparition_bone_chill,DOTA_ABILITY_BEHAVIOR_FORCE_NO_INNATE_UI|DOTA_ABILITY_BEHAVIOR_HIDDEN|DOTA_ABILITY_BEHAVIOR_PASSIVE,0,DAMAGE_TYPE_MAGICAL,,,,,,,,,,,,,,
ancient_apparition,6,ancient_apparition_ice_blast,DOTA_ABILITY_BEHAVIOR_AOE|DOTA_ABILITY_BEHAVIOR_POINT,0.01 0.01 0.01,DAMAGE_TYPE_MAGICAL,,,1,ult_burst,,1,,1,,1,1,,,
ancient_apparition,7,ancient_apparition_ice_blast_release,DOTA_ABILITY_BEHAVIOR_HIDDEN|DOTA_ABILITY_BEHAVIOR_IGNORE_SILENCE|DOTA_ABILITY_BEHAVIOR_NO_TARGET,0 0 0,,,,,,,,,,,,,,,
ancient_apparition,10,special_bonus_unique_ancient_apparition_7,DOTA_ABILITY_BEHAVIOR_PASSIVE,0,,,,,,,,,,,,,,,
ancient_apparition,11,special_bonus_unique_ancient_apparition_cold_feet_dps,,,,,,,,,,,,,,,,,
ancient_apparition,12,special_bonus_unique_ancient_apparition_3,DOTA_ABILITY_BEHAVIOR_PASSIVE,0,,,,,,,,,,,,,,,
ancient_apparition,13,special_bonus_unique_ancient_apparition_cold_feet_distance,,,,,,,,,,,,,,,,,
ancient_apparition,14,special_bonus_unique_ancient_apparition_ice_vortex_duration,DOTA_ABILITY_BEHAVIOR_PASSIVE,0,,,,,,,,,,,,,,,
ancient_apparition,15,special_bonus_unique_ancient_apparition_2,DOTA_ABILITY_BEHAVIOR_PASSIVE,0,,,,,,,,,,,,,,,
ancient_apparition,16,special_bonus_unique_ancient_apparition_1,DOTA_ABILITY_BEHAVIOR_PASSIVE,0,,,,,,,,,,,,,,,
ancient_apparition,17,special_bonus_unique_ancient_apparition_5,DOTA_ABILITY_BEHAVIOR_PASSIVE,0,,,,,,,,,,,,,,,
antimage,1,antimage_mana_break,DOTA_ABILITY_BEHAVIOR_PASSIVE,0,DAMAGE_TYPE_PHYSICAL,,,,,,,,,,,,,,
antimage,2,antimage_blink,DOTA_ABILITY_BEHAVIOR_OVERSHOOT|DOTA_ABILITY_BEHAVIOR_POINT|DOTA_ABILITY_BEHAVIOR_ROOT_DISABLES,0.4 0.4 0.4 0.4,,,,,,,,,1,,,,,,
antimage,3,antimage_counterspell,DOTA_ABILITY_BEHAVIOR_IMMEDIATE|DOTA_ABILITY_BEHAVIOR_NO_TARGET,0 0 0 0,,,,,,,,,,,,,,,
antimage,5,antimage_persectur,DOTA_ABILITY_BEHAVIOR_INNATE_UI|DOTA_ABILITY_BEHAVIOR_NOT_LEARNABLE|DOTA_ABILITY_BEHAVIOR_PASSIVE,0,,,,,,,,,,,,,,,
antimage,6,antimage_mana_void,DOTA_ABILITY_BEHAVIOR_AOE|DOTA_ABILITY_BEHAVIOR_UNIT_TARGET,0.3 0.3 0.3 0.3,DAMAGE_TYPE_MAGICAL,,,1,ult_burst,1,,,1,,,,,,
antimage,10,special_bonus_hp_regen_3,DOTA_ABILITY_BEHAVIOR_PASSIVE,0,,,,,,,,,,,,,,,
antimage,11,special_bonus_unique_antimage_manavoid_aoe,,,,,,,,,,,,,,,,,
antimage,12,special_bonus_unique_antimage_5,,,,,,,,,,,,,,,,,
antimage,13,special_bonus_unique_antimage_6,,,,,,,,,,,,,,,,,
antimage,14,special_bonus_unique_antimage_3,,,,,,,,,,,,,,,,,
antimage,15,special_bonus_unique_antimage_8,,,,,,,,,,,,,,,,,
antimage,16,special_bonus_unique_antimage,,,,,,,,,,,,,,,,,
antimage,17,special_bonus_unique_antimage_2,,,,,,,,,,,,,,,,,
arc_warden,1,arc_warden_flux,DOTA_ABILITY_BEHAVIOR_UNIT_TARGET,0.3 0.3 0.3 0.3,DAMAGE_TYPE_MAGICAL,,,,,,,,,,,,,,
arc_warden,2,arc_warden_magnetic_field,DOTA_ABILITY_BEHAVIOR_AOE|DOTA_ABILITY_BEHAVIOR_CAN_SELF_CAST|DOTA_ABILITY_BEHAVIOR_IGNORE_BACKSWING|DOTA_ABILITY_BEHAVIOR_POINT,0.3,,,,,,,,,,,,,,,
arc_warden,3,arc_warden_spark_wraith,DOTA_ABILITY_BEHAVIOR_AOE|DOTA_ABILITY_BEHAVIOR_POINT,0.3,DAMAGE_TYPE_MAGICAL,,,,,,,,,,,,,,
arc_warden,4,arc_warden_runic_infusion,DOTA_ABILITY_BEHAVIOR_FORCE_NO_INNATE_UI|DOTA_ABILITY_BEHAVIOR_HIDDEN|DOTA_ABILITY_BEHAVIOR_PASSIVE|DOTA_ABILITY_BEHAVIOR_SKIP_FOR_KEYBINDS,0,,,,,,,,,,,,,,,
arc_warden,6,arc_warden_tempest_double,DOTA_ABILITY_BEHAVIOR_POINT,0.15,,,,,,,,,,,,,,,
arc_warden,10,special_bonus_unique_arc_warden_5,DOTA_ABILITY_BEHAVIOR_PASSIVE,0,,,,,,,,,,,,,,,
arc_warden,11,special_bonus_hp_200,DOTA_ABILITY_BEHAVIOR_PASSIVE,0,,,,,,,,,,,,,,,
arc_warden,12,special_bonus_unique_arc_warden_4,DOTA_ABILITY_BEHAVIOR_PASSIVE,0,,,,,,,,,,,,,,,
arc_warden,13,special_bonus_unique_arc_warden_3,DOTA_ABILITY_BEHAVIOR_PASSIVE,0,,,,,,,,,,,,,,,
arc_warden,14,special_bonus_unique_arc_warden,DOTA_ABILITY_BEHAVIOR_PASSIVE,0,,,,,,,,,,,,,,,
arc_warden,15,special_bonus_unique_arc_warden_9,DOTA_ABILITY_BEHAVIOR_PASSIVE,0,,,,,,,,,,,,,,,
arc_warden,16,special_bonus_unique_arc_warden_8,DOTA_ABILITY_BEHAVIOR_PASSIVE,0,,,,,,,,,,,,,,,
arc_warden,17,special_bonus_unique_arc_warden_7,DOTA_ABILITY_BEHAVIOR_PASSIVE,0,,,,,,,,,,,,,,,
axe,1,axe_berserkers_call,DOTA_ABILITY_BEHAVIOR_DONT_RESUME_MOVEMENT|DOTA_ABILITY_BEHAVIOR_NO_TARGET,0.3,,,,,,,1,,,,1,1,,,
axe,2,axe_battle_hunger,DOTA_ABILITY_BEHAVIOR_UNIT_TARGET,0.3 0.3 0.3 0.3,DAMAGE_TYPE_PURE,,,,,,,,,,,,,,
axe,3,axe_counter_helix,DOTA_ABILITY_BEHAVIOR_PASSIVE,0,DAMAGE_TYPE_PURE,,,,,,,,,,,,,,
axe,6,axe_culling_blade,DOTA_ABILITY_BEHAVIOR_UNIT_TARGET,0.3,DAMAGE_TYPE_PURE,,,,,,,,,,,,,,
axe,7,axe_one_man_army,DOTA_ABILITY_BEHAVIOR_HIDDEN|DOTA_ABILITY_BEHAVIOR_PASSIVE,0,,,,,,,,,,,,,,,
axe,10,special_bonus_unique_axe_culling_blade_speed_duration,,,,,,,,,,,,,,,,,
axe,11,special_bonus_unique_axe_8,,,,,,,,,,,,,,,,,
axe,12,special_bonus_unique_axe,,,,,,,,,,,,,,,,,
axe,13,special_bonus_unique_axe_7,,,,,,,,,,,,,,,,,
axe,14,special_bonus_strength_15,DOTA_ABILITY_BEHAVIOR_PASSIVE,0,,,,,,,,,,,,,,,
axe,15,special_bonus_unique_axe_4,,,,,,,,,,,,,,,,,
axe,16,special_bonus_unique_axe_2,,,,,,,,,,,,,,,,,
axe,17,special_bonus_unique_axe_5,,,,,,,,,,,,,,,,,
bane,1,bane_enfeeble,DOTA_ABILITY_BEHAVIOR_UNIT_TARGET,0.2,DAMAGE_TYPE_PURE,,,,,,,,,,,,,,
bane,2,bane_brain_sap,DOTA_ABILITY_BEHAVIOR_UNIT_TARGET,0.2,DAMAGE_TYPE_PURE,,,,,,,,1,,,,,,
bane,3,bane_nightmare,DOTA_ABILITY_BEHAVIOR_ALT_CASTABLE|DOTA_ABILITY_BEHAVIOR_DONT_RESUME_ATTACK|DOTA_ABILITY_BEHAVIOR_UNIT_TARGET,0.4,,,,1,hard_disable,,1,,1,1,1,1,,,
bane,6,bane_fiends_grip,DOTA_ABILITY_BEHAVIOR_CHANNELLED|DOTA_ABILITY_BEHAVIOR_UNIT_TARGET,0.2,DAMAGE_TYPE_PURE,,,1,channel_start,1,1,,1,1,1,1,,1,1
bane,7,bane_nightmare_end,DOTA_ABILITY_BEHAVIOR_HIDDEN|DOTA_ABILITY_BEHAVIOR_IGNORE_PSEUDO_QUEUE|DOTA_ABILITY_BEHAVIOR_NO_TARGET|DOTA_ABILITY_BEHAVIOR_TOGGLE,0,,,,,,,,,,,,,,,
bane,8,bane_ichor_of_nyctasha,DOTA_ABILITY_BEHAVIOR_INNATE_UI|DOTA_ABILITY_BEHAVIOR_PASSIVE|DOTA_ABILITY_BEHAVIOR_SKIP_FOR_KEYBINDS,0,DAMAGE_TYPE_PURE,,,,,,,,,,,,,,
bane,10,special_bonus_unique_bane_8,,,,,,,,,,,,,,,,,
bane,11,special_bonus_unique_bane_11,,,,,,,,,,,,,,,,,
bane,12,special_bonus_unique_bane_10,,,,,,,,,,,,,,,,,
bane,13,special_bonus_unique_bane_9,,,,,,,,,,,,,,,,,
bane,14,special_bonus_unique_bane_5,,,,,,,,,,,,,,,,,
bane,15,special_bonus_movement_speed_30,DOTA_ABILITY_BEHAVIOR_PASSIVE,0,,,,,,,,,,,,,,,
bane,16,special_bonus_unique_bane_2,,,,,,,,,,,,,,,,,
bane,17,special_bonus_unique_bane_3,,,,,,,,,,,,,,,,,
batrider,1,batrider_sticky_napalm,DOTA_ABILITY_BEHAVIOR_AOE|DOTA_ABILITY_BEHAVIOR_DONT_PROC_OTHER_ABILITIES|DOTA_ABILITY_BEHAVIOR_IGNORE_BACKSWING|DOTA_ABILITY_BEHAVIOR_POINT,0,DAMAGE_TYPE_MAGICAL,,,,,,,,,,,,,,
batrider,2,batrider_flamebreak,DOTA_ABILITY_BEHAVIOR_AOE|DOTA_ABILITY_BEHAVIOR_POINT,0.2 0.2 0.2 0.2,DAMAGE_TYPE_MAGICAL,,,,,,,,,,,,,,
batrider,3,batrider_firefly,DOTA_ABILITY_BEHAVIOR_IMMEDIATE|DOTA_ABILITY_BEHAVIOR_NO_TARGET,0.0 0.0 0.0 0.0,DAMAGE_TYPE_MAGICAL,,,,,,,,,,,,,,
batrider,4,batrider_sticky_napalm_application_damage,DOTA_ABILITY_BEHAVIOR_HIDDEN|DOTA_ABILITY_BEHAVIOR_NOT_LEARNABLE,0,,,,,,,,,,,,,,,
batrider,5,batrider_smoldering_resin,DOTA_ABILITY_BEHAVIOR_INNATE_UI|DOTA_ABILITY_BEHAVIOR_PASSIVE,0,,,,,,,,,,,,,,,
batrider,6,batrider_flaming_lasso,DOTA_ABILITY_BEHAVIOR_UNIT_TARGET,0.3,DAMAGE_TYPE_MAGICAL,,,1,hard_disable,,1,,1,1,1,1,,,
batrider,10,special_bonus_unique_batrider_3,DOTA_ABILITY_BEHAVIOR_PASSIVE,0,,,,,,,,,,,,,,,
batrider,11,special_bonus_unique_batrider_smoldering_resin_ticks,DOTA_ABILITY_BEHAVIOR_PASSIVE,0,,,,,,,,,,,,,,,
batrider,12,special_bonus_unique_batrider_4,DOTA_ABILITY_BEHAVIOR_PASSIVE,0,,,,,,,,,,,,,,,
batrider,13,special_bonus_unique_batrider_7,DOTA_ABILITY_BEHAVIOR_PASSIVE,0,,,,,,,,,,,,,,,
batrider,14,special_bonus_unique_batrider_6,DOTA_ABILITY_BEHAVIOR_PASSIVE,0,,,,,,,,,,,,,,,
batrider,15,special_bonus_unique_batrider_5,DOTA_ABILITY_BEHAVIOR_PASSIVE,0,,,,,,,,,,,,,,,
batrider,16,special_bonus_unique_batrider_1,DOTA_ABILITY_BEHAVIOR_PASSIVE,0,,,,,,,,,,,,,,,
batrider,17,special_bonus_unique_batrider_2,DOTA_ABILITY_BEHAVIOR_PASSIVE,0,,,,,,,,,,,,,,,
beastmaster,1,beastmaster_wild_axes,DOTA_ABILITY_BEHAVIOR_POINT,0.3,DAMAGE_TYPE_MAGICAL,,,,,,,,,,,,,,
beastmaster,2,beastmaster_summon_razorback,DOTA_ABILITY_BEHAVIOR_NO_TARGET,0.3,DAMAGE_TYPE_PHYSICAL,,,,,,,,,,,,,,
beastmaster,3,beastmaster_summon_raptor,DOTA_ABILITY_BEHAVIOR_NO_TARGET,0.3,DAMAGE_TYPE_MAGICAL,,,,,,,,,,,,,,
beastmaster,4,beastmaster_inner_beast,DOTA_ABILITY_BEHAVIOR_FORCE_NO_INNATE_UI|DOTA_ABILITY_BEHAVIOR_HIDDEN|DOTA_ABILITY_BEHAVIOR_PASSIVE,0.0 0.0 0.0 0.0,,,,,,,,,,,,,,,
beastmaster,5,beastmaster_drums_of_slom,DOTA_ABILITY_BEHAVIOR_PASSIVE,0,DAMAGE_TYPE_MAGICAL,,1,,,,,,,,,,,,
beastmaster,6,beastmaster_primal_roar,DOTA_ABILITY_BEHAVIOR_UNIT_TARGET,0.5 0.5 0.5,DAMAGE_TYPE_MAGICAL,,,1,hard_disable,,1,,1,1,1,1,,,
beastmaster,10,special_bonus_armor_5,DOTA_ABILITY_BEHAVIOR_PASSIVE,0,,,,,,,,,,,,,,,
beastmaster,11,special_bonus_unique_beastmaster_9,,,,,,,,,,,,,,,,,
beastmaster,12,special_bonus_unique_beastmaster_5,DOTA_ABILITY_BEHAVIOR_PASSIVE,0,,,,,,,,,,,,,,,
beastmaster,13,special_bonus_unique_beastmaster_4,,,,,,,,,,,,,,,,,
beastmaster,14,special_bonus_unique_beastmaster_2,,,,,,,,,,,,,,,,,
beastmaster,15,special_bonus_unique_beastmaster_6,DOTA_ABILITY_BEHAVIOR_PASSIVE,0,,,,,,,,,,,,,,,
beastmaster,16,special_bonus_unique_beastmaster_wild_axe_cooldown,,,,,,,,,,,,,,,,,
beastmaster,17,special_bonus_unique_beastmaster_7,,,,,,,,,,,,,,,,,
bloodseeker,1,bloodseeker_bloodrage,DOTA_ABILITY_BEHAVIOR_IMMEDIATE|DOTA_ABILITY_BEHAVIOR_NO_TARGET,0,DAMAGE_TYPE_PURE,,,,,,,,,,,,,,
bloodseeker,2,bloodseeker_blood_bath,DOTA_ABILITY_BEHAVIOR_AOE|DOTA_ABILITY_BEHAVIOR_POINT,0.3,DAMAGE_TYPE_PURE,,,,,,,,,,,,,,
bloodseeker,3,bloodseeker_thirst,DOTA_ABILITY_BEHAVIOR_PASSIVE,0.3,,,,,,,,,,,,,,,
bloodseeker,5,bloodseeker_sanguivore,DOTA_ABILITY_BEHAVIOR_FORCE_NO_INNATE_UI|DOTA_ABILITY_BEHAVIOR_HIDDEN|DOTA_ABILITY_BEHAVIOR_PASSIVE|DOTA_ABILITY_BEHAVIOR_SKIP_FOR_KEYBINDS,0.3,,,,,,,,,,,,,,,
bloodseeker,6,bloodseeker_rupture,DOTA_ABILITY_BEHAVIOR_UNIT_TARGET,0.4,DAMAGE_TYPE_PURE,,,1,ult_burst,,1,,1,1,1,1,,,
bloodseeker,10,special_bonus_hp_200,DOTA_ABILITY_BEHAVIOR_PASSIVE,0,,,,,,,,,,,,,,,
bloodseeker,11,special_bonus_unique_bloodseeker_5,,,,,,,,,,,,,,,,,
bloodseeker,12,special_bonus_unique_bloodseeker,,,,,,,,,,,,,,,,,
bloodseeker,13,special_bonus_unique_bloodseeker_2,,,,,,,,,,,,,,,,,
bloodseeker,14,special_bonus_unique_bloodseeker_3,,,,,,,,,,,,,,,,,
bloodseeker,15,special_bonus_agility_15,DOTA_ABILITY_BEHAVIOR_PASSIVE,0,,,,,,,,,,,,,,,
bloodseeker,16,special_bonus_unique_bloodseeker_7,,,,,,,,,,,,,,,,,
bloodseeker,17,special_bonus_unique_bloodseeker_4,,,,,,,,,,,,,,,,,
bounty_hunter,1,bounty_hunter_shuriken_toss,DOTA_ABILITY_BEHAVIOR_UNIT_TARGET,0.3 0.3 0.3 0.3,DAMAGE_TYPE_MAGICAL,,,,,,,,,,,,,,
bounty_hunter,2,bounty_hunter_jinada,DOTA_ABILITY_BEHAVIOR_ATTACK|DOTA_ABILITY_BEHAVIOR_AUTOCAST|DOTA_ABILITY_BEHAVIOR_UNIT_TARGET,0.0 0.0 0.0 0.0,DAMAGE_TYPE_PHYSICAL,,,,,,,,,,,,,,
bounty_hunter,3,bounty_hunter_wind_walk,DOTA_ABILITY_BEHAVIOR_IGNORE_CHANNEL|DOTA_ABILITY_BEHAVIOR_IMMEDIATE|DOTA_ABILITY_BEHAVIOR_NO_TARGET,0.0 0.0 0.0 0.0,,,,,,,,,,,,,,,
bounty_hunter,4,bounty_hunter_wind_walk_ally,DOTA_ABILITY_BEHAVIOR_IGNORE_CHANNEL|DOTA_ABILITY_BEHAVIOR_IMMEDIATE|DOTA_ABILITY_BEHAVIOR_NOT_LEARNABLE|DOTA_ABILITY_BEHAVIOR_UNIT_TARGET,0.0 0.0 0.0 0.0,,1,,,,,,,,,,,,,
bounty_hunter,5,bounty_hunter_big_game_hunter,DOTA_ABILITY_BEHAVIOR_INNATE_UI|DOTA_ABILITY_BEHAVIOR_PASSIVE,0,,,,,,,,,,,,,,,
bounty_hunter,6,bounty_hunter_track,DOTA_ABILITY_BEHAVIOR_UNIT_TARGET,0.3 0.3 0.3,,,,,,,,,,,,,,,
bounty_hunter,10,special_bonus_unique_bounty_hunter_5,,,,,,,,,,,,,,,,,
bounty_hunter,11,special_bonus_attack_damage_30,DOTA_ABILITY_BEHAVIOR_PASSIVE,0,,,,,,,,,,,,,,,
bounty_hunter,12,special_bonus_unique_bounty_hunter_9,,,,,,,,,,,,,,,,,
bounty_hunter,13,special_bonus_unique_bounty_hunter_3,,,,,,,,,,,,,,,,,
bounty_hunter,14,special_bonus_unique_bounty_hunter_8,,,,,,,,,,,,,,,,,
bounty_hunter,15,special_bonus_unique_bounty_hunter,,,,,,,,,,,,,,,,,
bounty_hunter,16,special_bonus_unique_bounty_hunter_2,,,,,,,,,,,,,,,,,
bounty_hunter,17,special_bonus_unique_bounty_hunter_jinada_no_cooldown,,,,,,,,,,,,,,,,,
brewmaster,1,brewmaster_thunder_clap,DOTA_ABILITY_BEHAVIOR_NO_TARGET,0.3,DAMAGE_TYPE_MAGICAL,,,,,,,,,,,,,,
brewmaster,2,brewmaster_cinder_brew,DOTA_ABILITY_BEHAVIOR_AOE|DOTA_ABILITY_BEHAVIOR_POINT,0.2,DAMAGE_TYPE_MAGICAL,,,,,,,,,,,,,,
brewmaster,3,brewmaster_drunken_brawler,DOTA_ABILITY_BEHAVIOR_IGNORE_CHANNEL|DOTA_ABILITY_BEHAVIOR_IGNORE_INVISIBLE|DOTA_ABILITY_BEHAVIOR_IGNORE_SILENCE|DOTA_ABILITY_BEHAVIOR_IMMEDIATE|DOTA_ABILITY_BEHAVIOR_NO_TARGET,0,,,,,,,,,,,,,,,
brewmaster,4,brewmaster_liquid_courage,DOTA_ABILITY_BEHAVIOR_FORCE_KEYBIND|DOTA_ABILITY_BEHAVIOR_FORCE_NO_INNATE_UI|DOTA_ABILITY_BEHAVIOR_HIDDEN|DOTA_ABILITY_BEHAVIOR_PASSIVE,0,DAMAGE_TYPE_NONE,,,,,,,,,,,,,,
brewmaster,6,brewmaster_primal_split,DOTA_ABILITY_BEHAVIOR_NO_TARGET,0.55,,,,,,,,,,,,,,,
brewmaster,10,special_bonus_unique_brewmaster_2,,,,,,,,,,,,,,,,,
brewmaster,11,special_bonus_unique_brewmaster_brewed_up_duration,,,,,,,,,,,,,,,,,
brewmaster,12,special_bonus_unique_brewmaster_5,,,,,,,,,,,,,,,,,
brewmaster,13,special_bonus_unique_brewmaster,,,,,,,,,,,,,,,,,
brewmaster,14,special_bonus_unique_brewmaster_primal_split_cooldown,,,,,,,,,,,,,,,,,
brewmaster,15,special_bonus_attack_speed_110,DOTA_ABILITY_BEHAVIOR_PASSIVE,0,,,,,,,,,,,,,,,
brewmaster,16,special_bonus_unique_brewmaster_drunken_brawler_stance_bonus,,,,,,,,,,,,,,,,,
brewmaster,17,special_bonus_unique_brewmaster_4,,,,,,,,,,,,,,,,,
bristleback,1,bristleback_viscous_nasal_goo,DOTA_ABILITY_BEHAVIOR_IGNORE_BACKSWING|DOTA_ABILITY_BEHAVIOR_UNIT_TARGET,0.3,,,,,,,,,,,,,,,
bristleback,2,bristleback_quill_spray,DOTA_ABILITY_BEHAVIOR_AUTOCAST|DOTA_ABILITY_BEHAVIOR_IMMEDIATE|DOTA_ABILITY_BEHAVIOR_NO_TARGET,0.0 0.0 0.0 0.0,DAMAGE_TYPE_PHYSICAL,,,,,,,,,,,,,,
bristleback,3,bristleback_bristleback,DOTA_ABILITY_BEHAVIOR_PASSIVE,0,,,,,,,,,,,,,,,
bristleback,4,bristleback_hairball,DOTA_ABILITY_BEHAVIOR_AOE|DOTA_ABILITY_BEHAVIOR_HIDDEN|DOTA_ABILITY_BEHAVIOR_POINT|DOTA_ABILITY_BEHAVIOR_SHOW_IN_GUIDES,0.1,,1,,,,,,,,,,,,,
bristleback,6,bristleback_warpath,DOTA_ABILITY_BEHAVIOR_PASSIVE,0,,,,,,,,,,,,,,,
bristleback,7,bristleback_prickly,DOTA_ABILITY_BEHAVIOR_INNATE_UI|DOTA_ABILITY_BEHAVIOR_PASSIVE,0,DAMAGE_TYPE_PHYSICAL,,,,,,,,,,,,,,
bristleback,10,special_bonus_attack_speed_25,DOTA_ABILITY_BEHAVIOR_PASSIVE,0,,,,,,,,,,,,,,,
bristleback,11,special_bonus_mp_regen_150,DOTA_ABILITY_BEHAVIOR_PASSIVE,0,,,,,,,,,,,,,,,
bristleback,12,special_bonus_unique_bristleback_5,,,,,,,,,,,,,,,,,
bristleback,13,special_bonus_unique_bristleback_6,,,,,,,,,,,,,,,,,
bristleback,14,special_bonus_hp_regen_25,DOTA_ABILITY_BEHAVIOR_PASSIVE,0,,,,,,,,,,,,,,,
bristleback,15,special_bonus_unique_bristleback_2,,,,,,,,,,,,,,,,,
bristleback,16,special_bonus_unique_bristleback,,,,,,,,,,,,,,,,,
bristleback,17,special_bonus_unique_bristleback_3,,,,,,,,,,,,,,,,,
broodmother,1,broodmother_insatiable_hunger,DOTA_ABILITY_BEHAVIOR_NO_TARGET,0.2 0.2 0.2,DAMAGE_TYPE_PHYSICAL,,,,,,,,,,,,,,
broodmother,2,broodmother_spin_web,DOTA_ABILITY_BEHAVIOR_AOE|DOTA_ABILITY_BEHAVIOR_POINT,0.4,,,,,,,,,,,,,,,
broodmother,3,broodmother_incapacitating_bite,DOTA_ABILITY_BEHAVIOR_PASSIVE,0,,,,,,,,,,,,,,,
broodmother,4,broodmother_sticky_snare,DOTA_ABILITY_BEHAVIOR_CHANNELLED|DOTA_ABILITY_BEHAVIOR_HIDDEN|DOTA_ABILITY_BEHAVIOR_POINT|DOTA_ABILITY_BEHAVIOR_SHOW_IN_GUIDES|DOTA_ABILITY_BEHAVIOR_VECTOR_TARGETING,0.2,DAMAGE_TYPE_MAGICAL,,1,,,,,,,,,,,,
broodmother,5,broodmother_spiders_milk,DOTA_ABILITY_BEHAVIOR_FORCE_NO_INNATE_UI|DOTA_ABILITY_BEHAVIOR_HIDDEN|DOTA_ABILITY_BEHAVIOR_PASSIVE,0,,,,,,,,,,,,,,,
broodmother,6,broodmother_spawn_spiderlings,DOTA_ABILITY_BEHAVIOR_UNIT_TARGET,0.2 0.2 0.2 0.2,DAMAGE_TYPE_MAGICAL,,,,,,,,,,,,,,
broodmother,10,special_bonus_unique_broodmother_3,,,,,,,,,,,,,,,,,
broodmother,11,special_bonus_unique_broodmother_6,,,,,,,,,,,,,,,,,
broodmother,12,special_bonus_unique_broodmother_2,,,,,,,,,,,,,,,,,
broodmother,13,special_bonus_unique_broodmother_7,,,,,,,,,,,,,,,,,
broodmother,14,special_bonus_unique_broodmother_5,,,,,,,,,,,,,,,,,
broodmother,15,special_bonus_unique_broodmother_4,,,,,,,,,,,,,,,,,
broodmother,16,special_bonus_unique_broodmother_1,,,,,,,,,,,,,,,,,
broodmother,17,special_bonus_unique_broodmother_web_speed,,,,,,,,,,,,,,,,,
centaur,1,centaur_hoof_stomp,DOTA_ABILITY_BEHAVIOR_IMMEDIATE|DOTA_ABILITY_BEHAVIOR_NO_TARGET,0,DAMAGE_TYPE_MAGICAL,,,,,,,,,,,,,,
centaur,2,centaur_double_edge,DOTA_ABILITY_BEHAVIOR_AOE|DOTA_ABILITY_BEHAVIOR_UNIT_TARGET,0.25,DAMAGE_TYPE_MAGICAL,,,,,,,,,,,,,,
centaur,3,centaur_return,DOTA_ABILITY_BEHAVIOR_PASSIVE,0,DAMAGE_TYPE_PHYSICAL,,,,,,,,,,,,,,
centaur,4,centaur_work_horse,DOTA_ABILITY_BEHAVIOR_IGNORE_BACKSWING|DOTA_ABILITY_BEHAVIOR_NO_TARGET,0,,,1,,,,,,,,,,,,
centaur,5,centaur_mount,DOTA_ABILITY_BEHAVIOR_HIDDEN|DOTA_ABILITY_BEHAVIOR_IGNORE_BACKSWING|DOTA_ABILITY_BEHAVIOR_UNIT_TARGET,0,,,,,,,,,,,,,,,
centaur,6,centaur_stampede,DOTA_ABILITY_BEHAVIOR_IMMEDIATE|DOTA_ABILITY_BEHAVIOR_NO_TARGET,0,DAMAGE_TYPE_MAGICAL,,,,,,,,,,,,,,
centaur,7,centaur_horsepower,DOTA_ABILITY_BEHAVIOR_INNATE_UI|DOTA_ABILITY_BEHAVIOR_PASSIVE,0,,,,,,,,,,,,,,,
centaur,10,special_bonus_hp_regen_4,DOTA_ABILITY_BEHAVIOR_PASSIVE,0,,,,,,,,,,,,,,,
centaur,11,special_bonus_movement_speed_15,DOTA_ABILITY_BEHAVIOR_PASSIVE,0,,,,,,,,,,,,,,,
centaur,12,special_bonus_strength_10,DOTA_ABILITY_BEHAVIOR_PASSIVE,0,,,,,,,,,,,,,,,
centaur,13,special_bonus_unique_centaur_4,,,,,,,,,,,,,,,,,
centaur,14,special_bonus_unique_centaur_3,,,,,,,,,,,,,,,,,
centaur,15,special_bonus_unique_centaur_5,,,,,,,,,,,,,,,,,
centaur,16,special_bonus_unique_centaur_1,,,,,,,,,,,,,,,,,
centaur,17,special_bonus_unique_centaur_2,,,,,,,,,,,,,,,,,
chaos_knight,1,chaos_knight_chaos_bolt,DOTA_ABILITY_BEHAVIOR_UNIT_TARGET,0.4 0.4 0.4 0.4,DAMAGE_TYPE_MAGICAL,,,1,hard_disable,,1,,1,1,1,1,,,
chaos_knight,2,chaos_knight_reality_rift,DOTA_ABILITY_BEHAVIOR_ROOT_DISABLES|DOTA_ABILITY_BEHAVIOR_UNIT_TARGET,0.25,,,,1,gap_close,,1,,1,1,1,1,,,
chaos_knight,3,chaos_knight_chaos_strike,DOTA_ABILITY_BEHAVIOR_PASSIVE,0,,,,,,,,,,,,,,,
chaos_knight,5,chaos_knight_fundamental_forging,DOTA_ABILITY_BEHAVIOR_INNATE_UI|DOTA_ABILITY_BEHAVIOR_PASSIVE|DOTA_ABILITY_BEHAVIOR_SKIP_FOR_KEYBINDS,0,,,,,,,,,,,,,,,
chaos_knight,6,chaos_knight_phantasm,DOTA_ABILITY_BEHAVIOR_NO_TARGET,0.4 0.4 0.4,,,,,,,,,,,,,,,
chaos_knight,10,special_bonus_unique_chaos_knight_6,,,,,,,,,,,,,,,,,
chaos_knight,11,special_bonus_unique_chaos_knight_2,,,,,,,,,,,,,,,,,
chaos_knight,12,special_bonus_unique_chaos_knight_8,,,,,,,,,,,,,,,,,
chaos_knight,13,special_bonus_strength_10,DOTA_ABILITY_BEHAVIOR_PASSIVE,0,,,,,,,,,,,,,,,
chaos_knight,14,special_bonus_unique_chaos_knight_3,,,,,,,,,,,,,,,,,
chaos_knight,15,special_bonus_unique_chaos_knight,,,,,,,,,,,,,,,,,
chaos_knight,16,special_bonus_unique_chaos_knight_5,,,,,,,,,,,,,,,,,
chaos_knight,17,special_bonus_unique_chaos_knight_7,,,,,,,,,,,,,,,,,
chen,1,chen_penitence,DOTA_ABILITY_BEHAVIOR_UNIT_TARGET,0.3 0.3 0.3 0.3,DAMAGE_TYPE_PURE,,,,,,,,,,,,,,
chen,2,chen_holy_persuasion,DOTA_ABILITY_BEHAVIOR_DONT_RESUME_ATTACK|DOTA_ABILITY_BEHAVIOR_UNIT_TARGET,0.3,,,,,,,,,,,,,,,
chen,3,chen_divine_favor,DOTA_ABILITY_BEHAVIOR_UNIT_TARGET,0.2,,,,,,,,,,,,,,,
chen,4,chen_zealot,DOTA_ABILITY_BEHAVIOR_UNIT_TARGET,0.3,,,,,,,,,,,,,,,
chen,6,chen_hand_of_god,DOTA_ABILITY_BEHAVIOR_NO_TARGET,0.3 0.3 0.3,,,,,,,,,,,,,,,
chen,10,special_bonus_unique_chen_11,,,,,,,,,,,,,,,,,
chen,11,special_bonus_unique_chen_zealot,,,,,,,,,,,,,,,,,
chen,12,special_bonus_unique_chen_5,,,,,,,,,,,,,,,,,
chen,13,special_bonus_unique_chen_8,,,,,,,,,,,,,,,,,
chen,14,special_bonus_unique_chen_divine_favor_healing,,,,,,,,,,,,,,,,,
chen,15,special_bonus_unique_chen_4,,,,,,,,,,,,,,,,,
chen,16,special_bonus_unique_chen_12,,,,,,,,,,,,,,,,,
chen,17,special_bonus_unique_chen_2,,,,,,,,,,,,,,,,,
clinkz,1,clinkz_strafe,DOTA_ABILITY_BEHAVIOR_IGNORE_BACKSWING|DOTA_ABILITY_BEHAVIOR_IMMEDIATE|DOTA_ABILITY_BEHAVIOR_NO_TARGET,0,,,,,,,,,,,,,,,
clinkz,2,clinkz_searing_arrows,DOTA_ABILITY_BEHAVIOR_ATTACK|DOTA_ABILITY_BEHAVIOR_AUTOCAST|DOTA_ABILITY_BEHAVIOR_UNIT_TARGET,0.0 0.0 0.0 0.0,DAMAGE_TYPE_PHYSICAL,,,,,,,,,,,,,,
clinkz,3,clinkz_death_pact,DOTA_ABILITY_BEHAVIOR_DONT_RESUME_ATTACK|DOTA_ABILITY_BEHAVIOR_UNIT_TARGET,0.2,,,,,,,,,,,,,,,
clinkz,4,clinkz_burning_barrage,DOTA_ABILITY_BEHAVIOR_CHANNELLED|DOTA_ABILITY_BEHAVIOR_DIRECTIONAL|DOTA_ABILITY_BEHAVIOR_POINT|DOTA_ABILITY_BEHAVIOR_SHOW_IN_GUIDES,0.2,DAMAGE_TYPE_PHYSICAL,1,,1,channel_start,,,,,,,,,,
clinkz,5,clinkz_burning_army,DOTA_ABILITY_BEHAVIOR_POINT|DOTA_ABILITY_BEHAVIOR_SHOW_IN_GUIDES|DOTA_ABILITY_BEHAVIOR_VECTOR_TARGETING,0,DAMAGE_TYPE_PHYSICAL,,1,,,,,,,,,,,,
clinkz,6,clinkz_wind_walk,DOTA_ABILITY_BEHAVIOR_IGNORE_CHANNEL|DOTA_ABILITY_BEHAVIOR_IMMEDIATE|DOTA_ABILITY_BEHAVIOR_NO_TARGET,0.0 0.0 0.0 0.0,,,,,,,,,,,,,,,
clinkz,7,clinkz_infernal_shred,DOTA_ABILITY_BEHAVIOR_NOT_LEARNABLE|DOTA_ABILITY_BEHAVIOR_PASSIVE|DOTA_ABILITY_BEHAVIOR_SKIP_FOR_KEYBINDS,0,,,,,,,,,,,,,,,
clinkz,10,special_bonus_unique_clinkz_1,,,,,,,,,,,,,,,,,
clinkz,11,special_bonus_unique_clinkz_10,,,,,,,,,,,,,,,,,
clinkz,12,special_bonus_attack_range_50,DOTA_ABILITY_BEHAVIOR_PASSIVE,0,,,,,,,,,,,,,,,
clinkz,13,special_bonus_unique_clinkz_9,,,,,,,,,,,,,,,,,
clinkz,14,special_bonus_unique_clinkz_7,,,,,,,,,,,,,,,,,
clinkz,15,special_bonus_unique_clinkz_8,,,,,,,,,,,,,,,,,
clinkz,16,special_bonus_unique_clinkz_4,,,,,,,,,,,,,,,,,
clinkz,17,special_bonus_unique_clinkz_3,,,,,,,,,,,,,,,,,
crystal_maiden,1,crystal_maiden_crystal_nova,DOTA_ABILITY_BEHAVIOR_AOE|DOTA_ABILITY_BEHAVIOR_POINT,0,DAMAGE_TYPE_MAGICAL,,,,,,,,,,,,,,
crystal_maiden,2,crystal_maiden_frostbite,DOTA_ABILITY_BEHAVIOR_UNIT_TARGET,0,DAMAGE_TYPE_MAGICAL,,,,,,,,,,,,,,
crystal_maiden,3,crystal_maiden_brilliance_aura,DOTA_ABILITY_BEHAVIOR_PASSIVE,0,,,,,,,,,,,,,,,
crystal_maiden,4,crystal_maiden_crystal_clone,DOTA_ABILITY_BEHAVIOR_DONT_RESUME_ATTACK|DOTA_ABILITY_BEHAVIOR_DONT_RESUME_MOVEMENT|DOTA_ABILITY_BEHAVIOR_HIDDEN|DOTA_ABILITY_BEHAVIOR_IGNORE_BACKSWING|DOTA_ABILITY_BEHAVIOR_IGNORE_CHANNEL|DOTA_ABILITY_BEHAVIOR_IMMEDIATE|DOTA_ABILITY_BEHAVIOR_POINT|DOTA_ABILITY_BEHAVIOR_SHOW_IN_GUIDES,0,,1,,,,,,,,,,,,,
crystal_maiden,5,crystal_maiden_glacial_guard,DOTA_ABILITY_BEHAVIOR_FORCE_NO_INNATE_UI|DOTA_ABILITY_BEHAVIOR_HIDDEN|DOTA_ABILITY_BEHAVIOR_PASSIVE,0,,,,,,,,,,,,,,,
crystal_maiden,6,crystal_maiden_freezing_field,DOTA_ABILITY_BEHAVIOR_CHANNELLED|DOTA_ABILITY_BEHAVIOR_DONT_RESUME_ATTACK|DOTA_ABILITY_BEHAVIOR_NO_TARGET,0,DAMAGE_TYPE_MAGICAL,,,1,channel_start,,,,1,1,1,1,,1,
crystal_maiden,7,crystal_maiden_freezing_field_stop,DOTA_ABILITY_BEHAVIOR_DONT_RESUME_ATTACK|DOTA_ABILITY_BEHAVIOR_HIDDEN|DOTA_ABILITY_BEHAVIOR_IMMEDIATE|DOTA_ABILITY_BEHAVIOR_NOT_LEARNABLE|DOTA_ABILITY_BEHAVIOR_NO_TARGET,0.0 0.0 0.0 0.0,,,,,,,,,,,,,,,
crystal_maiden,10,special_bonus_hp_200,DOTA_ABILITY_BEHAVIOR_PASSIVE,0,,,,,,,,,,,,,,,
crystal_maiden,11,special_bonus_intelligence_12,DOTA_ABILITY_BEHAVIOR_PASSIVE,0,,,,,,,,,,,,,,,
crystal_maiden,12,special_bonus_unique_crystal_maiden_frostbite_castrange,,,,,,,,,,,,,,,,,
crystal_maiden,13,special_bonus_unique_crystal_maiden_5,,,,,,,,,,,,,,,,,
crystal_maiden,14,special_bonus_unique_crystal_maiden_glacial_guard_mana_multiplier,,,,,,,,,,,,,,,,,
crystal_maiden,15,special_bonus_unique_crystal_maiden_3,,,,,,,,,,,,,,,,,
crystal_maiden,16,special_bonus_unique_crystal_maiden_1,,,,,,,,,,,,,,,,,
crystal_maiden,17,special_bonus_unique_crystal_maiden_2,,,,,,,,,,,,,,,,,
dark_seer,1,dark_seer_vacuum,DOTA_ABILITY_BEHAVIOR_AOE|DOTA_ABILITY_BEHAVIOR_POINT,0.4,DAMAGE_TYPE_MAGICAL,,,,,,,,,,,,,,
dark_seer,2,dark_seer_ion_shell,DOTA_ABILITY_BEHAVIOR_DONT_RESUME_ATTACK|DOTA_ABILITY_BEHAVIOR_UNIT_TARGET,0.2,DAMAGE_TYPE_MAGICAL,,,,,,,,,,,,,,
dark_seer,3,dark_seer_surge,DOTA_ABILITY_BEHAVIOR_UNIT_TARGET,0.4,,,,,,,,,,,,,,,
dark_seer,4,dark_seer_normal_punch,DOTA_ABILITY_BEHAVIOR_HIDDEN|DOTA_ABILITY_BEHAVIOR_PASSIVE|DOTA_ABILITY_BEHAVIOR_SHOW_IN_GUIDES,0,,,1,,,,,,,,,,,,
dark_seer,5,dark_seer_aggrandize,DOTA_ABILITY_BEHAVIOR_PASSIVE|DOTA_ABILITY_BEHAVIOR_SHOW_IN_GUIDES|DOTA_ABILITY_BEHAVIOR_SKIP_FOR_KEYBINDS,0,DAMAGE_TYPE_NONE,,,,,,,,,,,,,,
dark_seer,6,dark_seer_wall_of_replica,DOTA_ABILITY_BEHAVIOR_POINT|DOTA_ABILITY_BEHAVIOR_VECTOR_TARGETING,0.2,,,,,,,,,,,,,,,
dark_seer,10,special_bonus_unique_dark_seer_7,,,,,,,,,,,,,,,,,
dark_seer,11,special_bonus_unique_dark_seer_5,,,,,,,,,,,,,,,,,
dark_seer,12,special_bonus_unique_dark_seer_2,,,,,,,,,,,,,,,,,
dark_seer,13,special_bonus_unique_dark_seer_6,,,,,,,,,,,,,,,,,
dark_seer,14,special_bonus_unique_dark_seer_13,,,,,,,,,,,,,,,,,
dark_seer,15,special_bonus_unique_dark_seer,,,,,,,,,,,,,,,,,
dark_seer,16,special_bonus_unique_dark_seer_14,,,,,,,,,,,,,,,,,
dark_seer,17,special_bonus_unique_dark_seer_3,,,,,,,,,,,,,,,,,
dark_willow,1,dark_willow_bramble_maze,DOTA_ABILITY_BEHAVIOR_AOE|DOTA_ABILITY_BEHAVIOR_POINT,0.3 0.3 0.3 0.3,DAMAGE_TYPE_MAGICAL,,,1,hard_disable,,1,,1,1,1,1,,,
dark_willow,2,dark_willow_shadow_realm,DOTA_ABILITY_BEHAVIOR_IGNORE_CHANNEL|DOTA_ABILITY_BEHAVIOR_IMMEDIATE|DOTA_ABILITY_BEHAVIOR_NO_TARGET,0,DAMAGE_TYPE_MAGICAL,,,,,,,,,,,,,,
dark_willow,3,dark_willow_cursed_crown,DOTA_ABILITY_BEHAVIOR_UNIT_TARGET,0.2,,,,1,hard_disable,,1,,1,1,1,1,,,
dark_willow,4,dark_willow_bedlam,DOTA_ABILITY_BEHAVIOR_IMMEDIATE|DOTA_ABILITY_BEHAVIOR_NO_TARGET,0,DAMAGE_TYPE_MAGICAL,,,,,,,,,,,,,,
dark_willow,5,dark_willow_pixie_dust,DOTA_ABILITY_BEHAVIOR_PASSIVE|DOTA_ABILITY_BEHAVIOR_SHOW_IN_GUIDES|DOTA_ABILITY_BEHAVIOR_SKIP_FOR_KEYBINDS,0,DAMAGE_TYPE_NONE,,,,,,,,,,,,,,
dark_willow,6,dark_willow_terrorize,DOTA_ABILITY_BEHAVIOR_AOE|DOTA_ABILITY_BEHAVIOR_NORMAL_WHEN_STOLEN|DOTA_ABILITY_BEHAVIOR_POINT,1,DAMAGE_TYPE_MAGICAL,,,1,hard_disable,,1,,1,1,1,1,,,
dark_willow,10,special_bonus_unique_dark_willow_6,,,,,,,,,,,,,,,,,
dark_willow,11,special_bonus_intelligence_12,DOTA_ABILITY_BEHAVIOR_PASSIVE,0,,,,,,,,,,,,,,,
dark_willow,12,special_bonus_unique_dark_willow_4,,,,,,,,,,,,,,,,,
dark_willow,13,special_bonus_unique_dark_willow_7,,,,,,,,,,,,,,,,,
dark_willow,14,special_bonus_unique_dark_willow_1,,,,,,,,,,,,,,,,,
dark_willow,15,special_bonus_unique_dark_willow_3,,,,,,,,,,,,,,,,,
dark_willow,16,special_bonus_unique_dark_willow_bedlam_targets,,,,,,,,,,,,,,,,,
dark_willow,17,special_bonus_unique_dark_willow_2,,,,,,,,,,,,,,,,,
dawnbreaker,1,dawnbreaker_fire_wreath,DOTA_ABILITY_BEHAVIOR_CAN_SELF_CAST|DOTA_ABILITY_BEHAVIOR_DONT_RESUME_MOVEMENT|DOTA_ABILITY_BEHAVIOR_POINT,0.1,DAMAGE_TYPE_PHYSICAL,,,,,,,,,,,,,,
dawnbreaker,2,dawnbreaker_celestial_hammer,DOTA_ABILITY_BEHAVIOR_POINT,0.2,DAMAGE_TYPE_MAGICAL,,,1,gap_close,,1,,1,1,1,1,,,
dawnbreaker,3,dawnbreaker_luminosity,DOTA_ABILITY_BEHAVIOR_PASSIVE,0.0 0.0 0.0 0.0,,,,,,,,,,,,,,,
dawnbreaker,4,dawnbreaker_converge,DOTA_ABILITY_BEHAVIOR_DONT_RESUME_MOVEMENT|DOTA_ABILITY_BEHAVIOR_HIDDEN|DOTA_ABILITY_BEHAVIOR_IMMEDIATE|DOTA_ABILITY_BEHAVIOR_NOT_LEARNABLE|DOTA_ABILITY_BEHAVIOR_NO_TARGET|DOTA_ABILITY_BEHAVIOR_ROOT_DISABLES,0,,,,,,,,,,,,,,,
dawnbreaker,5,dawnbreaker_break_of_dawn,DOTA_ABILITY_BEHAVIOR_NOT_LEARNABLE|DOTA_ABILITY_BEHAVIOR_PASSIVE|DOTA_ABILITY_BEHAVIOR_SHOW_IN_GUIDES,0,,,,,,,,,,,,,,,
dawnbreaker,6,dawnbreaker_solar_guardian,DOTA_ABILITY_BEHAVIOR_CHANNELLED|DOTA_ABILITY_BEHAVIOR_POINT,0.1 0.1 0.1 0.1,DAMAGE_TYPE_MAGICAL,,,1,channel_start,,,,,,,,,,
dawnbreaker,7,dawnbreaker_land,DOTA_ABILITY_BEHAVIOR_HIDDEN|DOTA_ABILITY_BEHAVIOR_IGNORE_PSEUDO_QUEUE|DOTA_ABILITY_BEHAVIOR_IGNORE_SILENCE|DOTA_ABILITY_BEHAVIOR_IMMEDIATE|DOTA_ABILITY_BEHAVIOR_NO_TARGET|DOTA_ABILITY_BEHAVIOR_UNRESTRICTED,0,,,,,,,,,,,,,,,
dawnbreaker,10,special_bonus_unique_dawnbreaker_luminosity_crit,,,,,,,,,,,,,,,,,
dawnbreaker,11,special_bonus_unique_dawnbreaker_celestial_hammer_targets_allies,,,,,,,,,,,,,,,,,
dawnbreaker,12,special_bonus_unique_dawnbreaker_celestial_hammer_damage,,,,,,,,,,,,,,,,,
dawnbreaker,13,special_bonus_unique_dawnbreaker_solar_guardian_cooldown,,,,,,,,,,,,,,,,,
dawnbreaker,14,special_bonus_unique_dawnbreaker_solar_guardian_radius,,,,,,,,,,,,,,,,,
dawnbreaker,15,special_bonus_unique_dawnbreaker_luminosity_attack_count,,,,,,,,,,,,,,,,,
dawnbreaker,16,special_bonus_unique_dawnbreaker_fire_wreath_cooldown,,,,,,,,,,,,,,,,,
dawnbreaker,17,special_bonus_unique_dawnbreaker_celestial_hammer_cast_range,,,,,,,,,,,,,,,,,
dazzle,1,dazzle_poison_touch,DOTA_ABILITY_BEHAVIOR_UNIT_TARGET,0.3 0.3 0.3 0.3,DAMAGE_TYPE_PHYSICAL,,,,,,,,,,,,,,
dazzle,2,dazzle_shallow_grave,DOTA_ABILITY_BEHAVIOR_DONT_RESUME_ATTACK|DOTA_ABILITY_BEHAVIOR_IGNORE_BACKSWING|DOTA_ABILITY_BEHAVIOR_UNIT_TARGET,0.3,,,,,,,,,,,,,,,
dazzle,3,dazzle_shadow_wave,DOTA_ABILITY_BEHAVIOR_DONT_RESUME_ATTACK|DOTA_ABILITY_BEHAVIOR_UNIT_TARGET,0.3 0.3 0.3 0.3,DAMAGE_TYPE_PHYSICAL,,,,,,,,,,,,,,
dazzle,4,dazzle_innate_weave,DOTA_ABILITY_BEHAVIOR_FORCE_NO_INNATE_UI|DOTA_ABILITY_BEHAVIOR_HIDDEN|DOTA_ABILITY_BEHAVIOR_NOT_LEARNABLE|DOTA_ABILITY_BEHAVIOR_PASSIVE,0,,,,,,,,,,,,,,,
dazzle,6,dazzle_nothl_projection,DOTA_ABILITY_BEHAVIOR_POINT,0.2,,,,,,,,,,,,,,,
dazzle,7,dazzle_nothl_projection_end,DOTA_ABILITY_BEHAVIOR_HIDDEN|DOTA_ABILITY_BEHAVIOR_NO_TARGET,0,,,,,,,,,,,,,,,
dazzle,10,special_bonus_unique_dazzle_poison_touch_attack_range_bonus,DOTA_ABILITY_BEHAVIOR_PASSIVE,0,,,,,,,,,,,,,,,
dazzle,11,special_bonus_mp_regen_175,DOTA_ABILITY_BEHAVIOR_PASSIVE,0,,,,,,,,,,,,,,,
dazzle,12,special_bonus_unique_dazzle_2,DOTA_ABILITY_BEHAVIOR_PASSIVE,0,,,,,,,,,,,,,,,
dazzle,13,special_bonus_unique_dazzle_nothl_projection_duration,,,,,,,,,,,,,,,,,
dazzle,14,special_bonus_unique_dazzle_shallow_grave_cooldown,DOTA_ABILITY_BEHAVIOR_PASSIVE,0,,,,,,,,,,,,,,,
dazzle,15,special_bonus_unique_dazzle_3,DOTA_ABILITY_BEHAVIOR_PASSIVE,0,,,,,,,,,,,,,,,
dazzle,16,special_bonus_unique_dazzle_1,DOTA_ABILITY_BEHAVIOR_PASSIVE,0,,,,,,,,,,,,,,,
dazzle,17,special_bonus_unique_dazzle_4,DOTA_ABILITY_BEHAVIOR_PASSIVE,0,,,,,,,,,,,,,,,
death_prophet,1,death_prophet_carrion_swarm,DOTA_ABILITY_BEHAVIOR_POINT|DOTA_ABILITY_BEHAVIOR_UNIT_TARGET,0.2,DAMAGE_TYPE_MAGICAL,,,,,,,,,,,,,,
death_prophet,2,death_prophet_silence,DOTA_ABILITY_BEHAVIOR_AOE|DOTA_ABILITY_BEHAVIOR_POINT,0.2,,,,1,hard_disable,,1,,1,,1,1,,,
death_prophet,3,death_prophet_spirit_siphon,DOTA_ABILITY_BEHAVIOR_IGNORE_BACKSWING|DOTA_ABILITY_BEHAVIOR_UNIT_TARGET,0.1,DAMAGE_TYPE_MAGICAL,,,,,,,,,,,,,,
death_prophet,4,death_prophet_witchcraft,DOTA_ABILITY_BEHAVIOR_FORCE_NO_INNATE_UI|DOTA_ABILITY_BEHAVIOR_HIDDEN|DOTA_ABILITY_BEHAVIOR_PASSIVE|DOTA_ABILITY_BEHAVIOR_SKIP_FOR_KEYBINDS,0,,,,,,,,,,,,,,,
death_prophet,6,death_prophet_exorcism,DOTA_ABILITY_BEHAVIOR_NO_TARGET,0.5 0.5 0.5,DAMAGE_TYPE_PHYSICAL,,,,,,,,,,,,,,
death_prophet,10,special_bonus_unique_death_prophet_silence_aoe,,,,,,,,,,,,,,,,,
death_prophet,11,special_bonus_hp_200,DOTA_ABILITY_BEHAVIOR_PASSIVE,0,,,,,,,,,,,,,,,
death_prophet,12,special_bonus_attack_speed_50,DOTA_ABILITY_BEHAVIOR_PASSIVE,0,,,,,,,,,,,,,,,
death_prophet,13,special_bonus_unique_death_prophet_2,,,,,,,,,,,,,,,,,
death_prophet,14,special_bonus_unique_death_prophet,,,,,,,,,,,,,,,,,
death_prophet,15,special_bonus_unique_death_prophet_3,,,,,,,,,,,,,,,,,
death_prophet,16,special_bonus_unique_death_prophet_5,,,,,,,,,,,,,,,,,
death_prophet,17,special_bonus_unique_death_prophet_exorcism_duration_on_kill,,,,,,,,,,,,,,,,,
disruptor,1,disruptor_thunder_strike,DOTA_ABILITY_BEHAVIOR_IGNORE_BACKSWING|DOTA_ABILITY_BEHAVIOR_UNIT_TARGET,0.05 0.05 0.05 0.05,DAMAGE_TYPE_MAGICAL,,,,,,,,,,,,,,
disruptor,2,disruptor_glimpse,DOTA_ABILITY_BEHAVIOR_UNIT_TARGET,0.05 0.05 0.05 0.05,DAMAGE_TYPE_MAGICAL,,,,,,,,,,,,,,
disruptor,3,disruptor_kinetic_field,DOTA_ABILITY_BEHAVIOR_AOE|DOTA_ABILITY_BEHAVIOR_IGNORE_BACKSWING|DOTA_ABILITY_BEHAVIOR_POINT,0.05,,,,,,,1,,1,1,1,1,,,
disruptor,4,disruptor_kinetic_fence,DOTA_ABILITY_BEHAVIOR_HIDDEN|DOTA_ABILITY_BEHAVIOR_IGNORE_BACKSWING|DOTA_ABILITY_BEHAVIOR_POINT|DOTA_ABILITY_BEHAVIOR_VECTOR_TARGETING,0.05,,1,,,,,,,,,,,,,
disruptor,5,disruptor_electromagnetic_repulsion,DOTA_ABILITY_BEHAVIOR_NOT_LEARNABLE|DOTA_ABILITY_BEHAVIOR_PASSIVE,0,,,,,,,,,,,,,,,
disruptor,6,disruptor_static_storm,DOTA_ABILITY_BEHAVIOR_AOE|DOTA_ABILITY_BEHAVIOR_IGNORE_BACKSWING|DOTA_ABILITY_BEHAVIOR_POINT,0.05,DAMAGE_TYPE_MAGICAL,,,1,hard_disable,,1,,1,1,1,1,,1,
disruptor,10,special_bonus_movement_speed_20,DOTA_ABILITY_BEHAVIOR_PASSIVE,0,,,,,,,,,,,,,,,
disruptor,11,special_bonus_unique_disruptor_consecutive_strike_damage,DOTA_ABILITY_BEHAVIOR_PASSIVE,0,,,,,,,,,,,,,,,
disruptor,12,special_bonus_unique_disruptor_9,DOTA_ABILITY_BEHAVIOR_PASSIVE,0,,,,,,,,,,,,,,,
disruptor,13,special_bonus_unique_disruptor,DOTA_ABILITY_BEHAVIOR_PASSIVE,0,,,,,,,,,,,,,,,
disruptor,14,special_bonus_unique_disruptor_5,DOTA_ABILITY_BEHAVIOR_PASSIVE,0,,,,,,,,,,,,,,,
disruptor,15,special_bonus_unique_disruptor_8,DOTA_ABILITY_BEHAVIOR_PASSIVE,0,,,,,,,,,,,,,,,
disruptor,16,special_bonus_unique_disruptor_4,DOTA_ABILITY_BEHAVIOR_PASSIVE,0,,,,,,,,,,,,,,,
disruptor,17,special_bonus_unique_disruptor_thunder_strike_strikes,,,,,,,,,,,,,,,,,
doom_bringer,1,doom_bringer_devour,DOTA_ABILITY_BEHAVIOR_ALT_CASTABLE|DOTA_ABILITY_BEHAVIOR_DONT_RESUME_ATTACK|DOTA_ABILITY_BEHAVIOR_UNIT_TARGET,0.3 0.3 0.3 0.3,,,,,,,,,,,,,,,
doom_bringer,2,doom_bringer_scorched_earth,DOTA_ABILITY_BEHAVIOR_NO_TARGET,0.0 0.0 0.0 0.0,DAMAGE_TYPE_MAGICAL,,,,,,,,,,,,,,
doom_bringer,3,doom_bringer_infernal_blade,DOTA_ABILITY_BEHAVIOR_ATTACK|DOTA_ABILITY_BEHAVIOR_AUTOCAST|DOTA_ABILITY_BEHAVIOR_UNIT_TARGET,0.0 0.0 0.0 0.0,DAMAGE_TYPE_MAGICAL,,,,,,,,,,,,,,
doom_bringer,4,doom_bringer_empty1,DOTA_ABILITY_BEHAVIOR_NOT_LEARNABLE|DOTA_ABILITY_BEHAVIOR_PASSIVE,0,,,,,,,,,,,,,,,
doom_bringer,5,doom_bringer_empty2,DOTA_ABILITY_BEHAVIOR_NOT_LEARNABLE|DOTA_ABILITY_BEHAVIOR_PASSIVE,0,,,,,,,,,,,,,,,
doom_bringer,6,doom_bringer_doom,DOTA_ABILITY_BEHAVIOR_UNIT_TARGET,0.5,DAMAGE_TYPE_PURE,,,,,,1,,,1,1,1,,,
doom_bringer,7,doom_bringer_lvl_pain,DOTA_ABILITY_BEHAVIOR_FORCE_NO_INNATE_UI|DOTA_ABILITY_BEHAVIOR_HIDDEN|DOTA_ABILITY_BEHAVIOR_PASSIVE|DOTA_ABILITY_BEHAVIOR_SHOW_IN_GUIDES|DOTA_ABILITY_BEHAVIOR_SKIP_FOR_KEYBINDS,0,DAMAGE_TYPE_NONE,,,,,,,,,,,,,,
doom_bringer,10,special_bonus_unique_doom_3,,,,,,,,,,,,,,,,,
doom_bringer,11,special_bonus_unique_doom_4,,,,,,,,,,,,,,,,,
doom_bringer,12,special_bonus_unique_doom_6,,,,,,,,,,,,,,,,,
doom_bringer,13,special_bonus_attack_damage_66,DOTA_ABILITY_BEHAVIOR_PASSIVE,0,,,,,,,,,,,,,,,
doom_bringer,14,special_bonus_unique_doom_9,,,,,,,,,,,,,,,,,
doom_bringer,15,special_bonus_unique_doom_1,,,,,,,,,,,,,,,,,
doom_bringer,16,special_bonus_unique_doom_10,,,,,,,,,,,,,,,,,
doom_bringer,17,special_bonus_unique_doom_11,,,,,,,,,,,,,,,,,
dragon_knight,1,dragon_knight_breathe_fire,DOTA_ABILITY_BEHAVIOR_DIRECTIONAL|DOTA_ABILITY_BEHAVIOR_POINT|DOTA_ABILITY_BEHAVIOR_UNIT_TARGET,0.2,DAMAGE_TYPE_MAGICAL,,,,,,,,,,,,,,
dragon_knight,2,dragon_knight_dragon_tail,DOTA_ABILITY_BEHAVIOR_UNIT_TARGET,0.0 0.0 0.0 0.0,DAMAGE_TYPE_MAGICAL,,,1,hard_disable,,1,,1,,1,1,,,
dragon_knight,3,dragon_knight_wyrms_wrath,DOTA_ABILITY_BEHAVIOR_PASSIVE,0,DAMAGE_TYPE_MAGICAL,,,,,,,,,,,,,,
dragon_knight,4,dragon_knight_fireball,DOTA_ABILITY_BEHAVIOR_AOE|DOTA_ABILITY_BEHAVIOR_HIDDEN|DOTA_ABILITY_BEHAVIOR_POINT|DOTA_ABILITY_BEHAVIOR_SHOW_IN_GUIDES,0.2,DAMAGE_TYPE_MAGICAL,1,,,,,,,,,,,,,
dragon_knight,5,dragon_knight_dragon_blood,DOTA_ABILITY_BEHAVIOR_NOT_LEARNABLE|DOTA_ABILITY_BEHAVIOR_PASSIVE|DOTA_ABILITY_BEHAVIOR_SHOW_IN_GUIDES,0,,,,,,,,,,,,,,,
dragon_knight,6,dragon_knight_elder_dragon_form,DOTA_ABILITY_BEHAVIOR_NO_TARGET,0,DAMAGE_TYPE_MAGICAL,,,,,,,,,,,,,,
dragon_knight,10,special_bonus_attack_damage_15,DOTA_ABILITY_BEHAVIOR_PASSIVE,0,,,,,,,,,,,,,,,
dragon_knight,11,special_bonus_unique_dragon_knight_3,,,,,,,,,,,,,,,,,
dragon_knight,12,special_bonus_unique_dragon_knight_2,,,,,,,,,,,,,,,,,
dragon_knight,13,special_bonus_hp_300,DOTA_ABILITY_BEHAVIOR_PASSIVE,0,,,,,,,,,,,,,,,
dragon_knight,14,special_bonus_unique_dragon_knight_7,,,,,,,,,,,,,,,,,
dragon_knight,15,special_bonus_unique_dragon_knight_9,,,,,,,,,,,,,,,,,
dragon_knight,16,special_bonus_unique_dragon_knight,,,,,,,,,,,,,,,,,
dragon_knight,17,special_bonus_unique_dragon_knight_wyrms_wrath_damage,,,,,,,,,,,,,,,,,
drow_ranger,1,drow_ranger_frost_arrows,DOTA_ABILITY_BEHAVIOR_ATTACK|DOTA_ABILITY_BEHAVIOR_AUTOCAST|DOTA_ABILITY_BEHAVIOR_UNIT_TARGET,0.0 0.0 0.0 0.0,DAMAGE_TYPE_PHYSICAL,,,,,,1,,1,,,,,,
drow_ranger,2,drow_ranger_wave_of_silence,DOTA_ABILITY_BEHAVIOR_POINT,0.25,,,,,,,,,,,,,,,
drow_ranger,3,drow_ranger_multishot,DOTA_ABILITY_BEHAVIOR_CHANNELLED|DOTA_ABILITY_BEHAVIOR_DIRECTIONAL|DOTA_ABILITY_BEHAVIOR_POINT,0,DAMAGE_TYPE_PHYSICAL,,,1,channel_start,,,,,,,,,,
drow_ranger,4,drow_ranger_glacier,DOTA_ABILITY_BEHAVIOR_NO_TARGET,0.1 0.1 0.1 0.1,DAMAGE_TYPE_MAGICAL,1,,,,,,,,,,,,,
drow_ranger,5,drow_ranger_trueshot,DOTA_ABILITY_BEHAVIOR_FORCE_NO_INNATE_UI|DOTA_ABILITY_BEHAVIOR_HIDDEN|DOTA_ABILITY_BEHAVIOR_NOT_LEARNABLE|DOTA_ABILITY_BEHAVIOR_PASSIVE|DOTA_ABILITY_BEHAVIOR_SKIP_FOR_KEYBINDS,0,,,,,,,,,,,,,,,
drow_ranger,6,drow_ranger_marksmanship,DOTA_ABILITY_BEHAVIOR_PASSIVE,0,DAMAGE_TYPE_PHYSICAL,,,,,,,,,,,,,,
drow_ranger,10,special_bonus_unique_drow_ranger_7,DOTA_ABILITY_BEHAVIOR_PASSIVE,0,,,,,,,,,,,,,,,
drow_ranger,11,special_bonus_unique_drow_ranger_2,DOTA_ABILITY_BEHAVIOR_PASSIVE,0,,,,,,,,,,,,,,,
drow_ranger,12,special_bonus_attack_range_75,DOTA_ABILITY_BEHAVIOR_PASSIVE,0,,,,,,,,,,,,,,,
drow_ranger,13,special_bonus_unique_drow_ranger_6,DOTA_ABILITY_BEHAVIOR_PASSIVE,0,,,,,,,,,,,,,,,
drow_ranger,14,special_bonus_unique_drow_ranger_gust_selfmovespeed,DOTA_ABILITY_BEHAVIOR_PASSIVE,0,,,,,,,,,,,,,,,
drow_ranger,15,special_bonus_unique_drow_ranger_1,DOTA_ABILITY_BEHAVIOR_PASSIVE,0,,,,,,,,,,,,,,,
drow_ranger,16,special_bonus_unique_drow_ranger_3,DOTA_ABILITY_BEHAVIOR_PASSIVE,0,,,,,,,,,,,,,,,
drow_ranger,17,special_bonus_unique_drow_ranger_8,DOTA_ABILITY_BEHAVIOR_PASSIVE,0,,,,,,,,,,,,,,,
earth_spirit,1,earth_spirit_boulder_smash,DOTA_ABILITY_BEHAVIOR_IGNORE_BACKSWING|DOTA_ABILITY_BEHAVIOR_POINT|DOTA_ABILITY_BEHAVIOR_UNIT_TARGET,0,DAMAGE_TYPE_MAGICAL,,,,,,,,,,,,,,
earth_spirit,2,earth_spirit_rolling_boulder,DOTA_ABILITY_BEHAVIOR_IGNORE_BACKSWING|DOTA_ABILITY_BEHAVIOR_POINT|DOTA_ABILITY_BEHAVIOR_ROOT_DISABLES,0,DAMAGE_TYPE_MAGICAL,,,1,hard_disable,,1,,1,1,1,1,,,
earth_spirit,3,earth_spirit_geomagnetic_grip,DOTA_ABILITY_BEHAVIOR_IGNORE_BACKSWING|DOTA_ABILITY_BEHAVIOR_POINT|DOTA_ABILITY_BEHAVIOR_UNIT_TARGET,0.1,DAMAGE_TYPE_MAGICAL,,,,,,,,,,,,,,
earth_spirit,4,earth_spirit_stone_caller,DOTA_ABILITY_BEHAVIOR_IGNORE_BACKSWING|DOTA_ABILITY_BEHAVIOR_NOT_LEARNABLE|DOTA_ABILITY_BEHAVIOR_POINT|DOTA_ABILITY_BEHAVIOR_SHOW_IN_GUIDES,0,,,,,,,,,,,,,,,
earth_spirit,5,earth_spirit_petrify,DOTA_ABILITY_BEHAVIOR_HIDDEN|DOTA_ABILITY_BEHAVIOR_SHOW_IN_GUIDES|DOTA_ABILITY_BEHAVIOR_UNIT_TARGET,0.2,DAMAGE_TYPE_MAGICAL,,1,,,,,,,,,,,,
earth_spirit,6,earth_spirit_magnetize,DOTA_ABILITY_BEHAVIOR_IGNORE_BACKSWING|DOTA_ABILITY_BEHAVIOR_NO_TARGET,0.2,DAMAGE_TYPE_MAGICAL,,,,,,,,,,,,,,
earth_spirit,10,special_bonus_unique_earth_spirit_7,DOTA_ABILITY_BEHAVIOR_PASSIVE,0,,,,,,,,,,,,,,,
earth_spirit,11,special_bonus_unique_earth_spirit_4,DOTA_ABILITY_BEHAVIOR_PASSIVE,0,,,,,,,,,,,,,,,
earth_spirit,12,special_bonus_unique_earth_spirit_rolling_boulder_stun,,,,,,,,,,,,,,,,,
earth_spirit,13,special_bonus_unique_earth_spirit_6,DOTA_ABILITY_BEHAVIOR_PASSIVE,0,,,,,,,,,,,,,,,
earth_spirit,14,special_bonus_unique_earth_spirit_8,DOTA_ABILITY_BEHAVIOR_PASSIVE,0,,,,,,,,,,,,,,,
earth_spirit,15,special_bonus_unique_earth_spirit,DOTA_ABILITY_BEHAVIOR_PASSIVE,0,,,,,,,,,,,,,,,
earth_spirit,16,special_bonus_unique_earth_spirit_2,DOTA_ABILITY_BEHAVIOR_PASSIVE,0,,,,,,,,,,,,,,,
earth_spirit,17,special_bonus_unique_earth_spirit_5,DOTA_ABILITY_BEHAVIOR_PASSIVE,0,,,,,,,,,,,,,,,
earthshaker,1,earthshaker_fissure,DOTA_ABILITY_BEHAVIOR_IGNORE_BACKSWING|DOTA_ABILITY_BEHAVIOR_POINT,0.69 0.69 0.69 0.69,DAMAGE_TYPE_MAGICAL,,,,,,,,,,,,,,
earthshaker,2,earthshaker_enchant_totem,DOTA_ABILITY_BEHAVIOR_NO_TARGET,0.5,,,,,,,,,,,,,,,
earthshaker,3,earthshaker_aftershock,DOTA_ABILITY_BEHAVIOR_PASSIVE,0,DAMAGE_TYPE_MAGICAL,,,,,,,,,,,,,,
earthshaker,6,earthshaker_echo_slam,DOTA_ABILITY_BEHAVIOR_NO_TARGET,0 0 0 0,DAMAGE_TYPE_MAGICAL,,,1,hard_disable,,1,,1,1,1,1,,,
earthshaker,7,earthshaker_slugger,DOTA_ABILITY_BEHAVIOR_INNATE_UI|DOTA_ABILITY_BEHAVIOR_PASSIVE,0,,,,,,,,,,,,,,,
earthshaker,10,special_bonus_attack_base_damage_25,DOTA_ABILITY_BEHAVIOR_PASSIVE,0,,,,,,,,,,,,,,,
earthshaker,11,special_bonus_unique_earthshaker_4,DOTA_ABILITY_BEHAVIOR_PASSIVE,0,,,,,,,,,,,,,,,
earthshaker,12,special_bonus_unique_earthshaker_3,DOTA_ABILITY_BEHAVIOR_PASSIVE,0,,,,,,,,,,,,,,,
earthshaker,13,special_bonus_unique_earthshaker_6,DOTA_ABILITY_BEHAVIOR_PASSIVE,0,,,,,,,,,,,,,,,
earthshaker,14,special_bonus_unique_earthshaker_2,DOTA_ABILITY_BEHAVIOR_PASSIVE,0,,,,,,,,,,,,,,,
earthshaker,15,special_bonus_unique_earthshaker_totem_damage,DOTA_ABILITY_BEHAVIOR_PASSIVE,0,,,,,,,,,,,,,,,
earthshaker,16,special_bonus_unique_earthshaker_echo_cd,DOTA_ABILITY_BEHAVIOR_PASSIVE,0,,,,,,,,,,,,,,,
earthshaker,17,special_bonus_unique_earthshaker,DOTA_ABILITY_BEHAVIOR_PASSIVE,0,,,,,,,,,,,,,,,
elder_titan,1,elder_titan_echo_stomp,DOTA_ABILITY_BEHAVIOR_CHANNELLED|DOTA_ABILITY_BEHAVIOR_NO_TARGET,0.4,DAMAGE_TYPE_PHYSICAL,,,1,channel_start,,,,,,,,,,
elder_titan,2,elder_titan_ancestral_spirit,DOTA_ABILITY_BEHAVIOR_AOE|DOTA_ABILITY_BEHAVIOR_IGNORE_BACKSWING|DOTA_ABILITY_BEHAVIOR_POINT,0.4 0.4 0.4 0.4,DAMAGE_TYPE_MAGICAL,,,,,,,,,,,,,,
elder_titan,3,elder_titan_natural_order,DOTA_ABILITY_BEHAVIOR_AURA|DOTA_ABILITY_BEHAVIOR_PASSIVE,0,,,,,,,,,,,,,,,
elder_titan,4,elder_titan_momentum,DOTA_ABILITY_BEHAVIOR_INNATE_UI|DOTA_ABILITY_BEHAVIOR_NOT_LEARNABLE|DOTA_ABILITY_BEHAVIOR_PASSIVE,0,,,,,,,,,,,,,,,
elder_titan,5,elder_titan_move_spirit,DOTA_ABILITY_BEHAVIOR_DONT_RESUME_ATTACK|DOTA_ABILITY_BEHAVIOR_FORCE_KEYBIND|DOTA_ABILITY_BEHAVIOR_HIDDEN|DOTA_ABILITY_BEHAVIOR_IGNORE_BACKSWING|DOTA_ABILITY_BEHAVIOR_IGNORE_CHANNEL|DOTA_ABILITY_BEHAVIOR_IGNORE_PSEUDO_QUEUE|DOTA_ABILITY_BEHAVIOR_IGNORE_SILENCE|DOTA_ABILITY_BEHAVIOR_IMMEDIATE|DOTA_ABILITY_BEHAVIOR_NOT_LEARNABLE|DOTA_ABILITY_BEHAVIOR_POINT|DOTA_ABILITY_BEHAVIOR_UNRESTRICTED,0.0 0.0 0.0 0.0,,,,,,,,,,,,,,,
elder_titan,6,elder_titan_earth_splitter,DOTA_ABILITY_BEHAVIOR_POINT,0.4 0.4 0.4,DAMAGE_TYPE_MAGICAL,,,,,,,,,,,,,,
elder_titan,7,elder_titan_return_spirit,DOTA_ABILITY_BEHAVIOR_DONT_RESUME_ATTACK|DOTA_ABILITY_BEHAVIOR_HIDDEN|DOTA_ABILITY_BEHAVIOR_IGNORE_BACKSWING|DOTA_ABILITY_BEHAVIOR_IGNORE_CHANNEL|DOTA_ABILITY_BEHAVIOR_IGNORE_PSEUDO_QUEUE|DOTA_ABILITY_BEHAVIOR_IGNORE_SILENCE|DOTA_ABILITY_BEHAVIOR_IMMEDIATE|DOTA_ABILITY_BEHAVIOR_NOT_LEARNABLE|DOTA_ABILITY_BEHAVIOR_NO_TARGET|DOTA_ABILITY_BEHAVIOR_UNRESTRICTED,0.0 0.0 0.0 0.0,,,,,,,,,,,,,,,
elder_titan,10,special_bonus_unique_elder_titan_bonus_spirit_speed,,,,,,,,,,,,,,,,,
elder_titan,11,special_bonus_unique_elder_titan_4,,,,,,,,,,,,,,,,,
elder_titan,12,special_bonus_unique_elder_titan_2,,,,,,,,,,,,,,,,,
elder_titan,13,special_bonus_unique_elder_titan_momentum_attack_speed,,,,,,,,,,,,,,,,,
elder_titan,14,special_bonus_unique_elder_titan,,,,,,,,,,,,,,,,,
elder_titan,15,special_bonus_unique_elder_titan_5,,,,,,,,,,,,,,,,,
elder_titan,16,special_bonus_unique_elder_titan_3,,,,,,,,,,,,,,,,,
elder_titan,17,special_bonus_cleave_100,DOTA_ABILITY_BEHAVIOR_PASSIVE,0,,,,,,,,,,,,,,,
ember_spirit,1,ember_spirit_searing_chains,DOTA_ABILITY_BEHAVIOR_NO_TARGET,0,DAMAGE_TYPE_MAGICAL,,,,,,,,,,,,,,
ember_spirit,2,ember_spirit_sleight_of_fist,DOTA_ABILITY_BEHAVIOR_AOE|DOTA_ABILITY_BEHAVIOR_POINT|DOTA_ABILITY_BEHAVIOR_ROOT_DISABLES,0,DAMAGE_TYPE_PHYSICAL,,,,,,,,,,,,,,
ember_spirit,3,ember_spirit_flame_guard,DOTA_ABILITY_BEHAVIOR_NO_TARGET,0,DAMAGE_TYPE_MAGICAL,,,,,,,,,,,,,,
ember_spirit,4,ember_spirit_activate_fire_remnant,DOTA_ABILITY_BEHAVIOR_NOT_LEARNABLE|DOTA_ABILITY_BEHAVIOR_POINT|DOTA_ABILITY_BEHAVIOR_ROOT_DISABLES|DOTA_ABILITY_BEHAVIOR_SHOW_IN_GUIDES,0.2,DAMAGE_TYPE_MAGICAL,,,,,,,,,,,,,,
ember_spirit,5,ember_spirit_immolation,DOTA_ABILITY_BEHAVIOR_INNATE_UI|DOTA_ABILITY_BEHAVIOR_NOT_LEARNABLE|DOTA_ABILITY_BEHAVIOR_PASSIVE,0,DAMAGE_TYPE_MAGICAL,,,,,,,,,,,,,,
ember_spirit,6,ember_spirit_fire_remnant,DOTA_ABILITY_BEHAVIOR_POINT,0,DAMAGE_TYPE_MAGICAL,,,,,,,,,,,,,,
ember_spirit,10,special_bonus_attack_damage_12,DOTA_ABILITY_BEHAVIOR_PASSIVE,0,,,,,,,,,,,,,,,
ember_spirit,11,special_bonus_unique_ember_spirit_1,DOTA_ABILITY_BEHAVIOR_PASSIVE,0,,,,,,,,,,,,,,,
ember_spirit,12,special_bonus_unique_ember_spirit_3,DOTA_ABILITY_BEHAVIOR_PASSIVE,0,,,,,,,,,,,,,,,
ember_spirit,13,special_bonus_unique_ember_spirit_2,DOTA_ABILITY_BEHAVIOR_PASSIVE,0,,,,,,,,,,,,,,,
ember_spirit,14,special_bonus_unique_ember_spirit_6,DOTA_ABILITY_BEHAVIOR_PASSIVE,0,,,,,,,,,,,,,,,
ember_spirit,15,special_bonus_unique_ember_spirit_chains_dps,DOTA_ABILITY_BEHAVIOR_PASSIVE,0,,,,,,,,,,,,,,,
ember_spirit,16,special_bonus_unique_ember_spirit_4,DOTA_ABILITY_BEHAVIOR_PASSIVE,0,,,,,,,,,,,,,,,
ember_spirit,17,special_bonus_unique_ember_spirit_5,DOTA_ABILITY_BEHAVIOR_PASSIVE,0,,,,,,,,,,,,,,,
enchantress,1,enchantress_impetus,DOTA_ABILITY_BEHAVIOR_ATTACK|DOTA_ABILITY_BEHAVIOR_AUTOCAST|DOTA_ABILITY_BEHAVIOR_UNIT_TARGET,0.0 0.0 0.0,DAMAGE_TYPE_PURE,,,,,,,,,,,,,,
enchantress,2,enchantress_enchant,DOTA_ABILITY_BEHAVIOR_UNIT_TARGET,0.3 0.3 0.3 0.3,,,,,,,,,,,,,,,
enchantress,3,enchantress_natures_attendants,DOTA_ABILITY_BEHAVIOR_NO_TARGET,0.3 0.3 0.3 0.3,,,,,,,,,,,,,,,
enchantress,4,enchantress_bunny_hop,DOTA_ABILITY_BEHAVIOR_HIDDEN|DOTA_ABILITY_BEHAVIOR_IMMEDIATE|DOTA_ABILITY_BEHAVIOR_NO_TARGET|DOTA_ABILITY_BEHAVIOR_SHOW_IN_GUIDES,0,,1,,,,,,,,,,,,,
enchantress,5,enchantress_little_friends,DOTA_ABILITY_BEHAVIOR_AOE|DOTA_ABILITY_BEHAVIOR_IGNORE_BACKSWING|DOTA_ABILITY_BEHAVIOR_UNIT_TARGET,0,,,1,,,,,,,,,,,,
enchantress,6,enchantress_untouchable,DOTA_ABILITY_BEHAVIOR_PASSIVE,0,,,,,,,,,,,,,,,
enchantress,7,enchantress_rabblerouser,DOTA_ABILITY_BEHAVIOR_AURA|DOTA_ABILITY_BEHAVIOR_HIDDEN|DOTA_ABILITY_BEHAVIOR_PASSIVE|DOTA_ABILITY_BEHAVIOR_SKIP_FOR_KEYBINDS,0,,,,,,,,,,,,,,,
enchantress,10,special_bonus_unique_enchantress_enchant_armor,,,,,,,,,,,,,,,,,
enchantress,11,special_bonus_unique_enchantress_6,,,,,,,,,,,,,,,,,
enchantress,12,special_bonus_unique_enchantress_enchant_attackspeed,,,,,,,,,,,,,,,,,
enchantress,13,special_bonus_unique_enchantress_5,,,,,,,,,,,,,,,,,
enchantress,14,special_bonus_unique_enchantress_2,,,,,,,,,,,,,,,,,
enchantress,15,special_bonus_unique_enchantress_enchant_health_damage,,,,,,,,,,,,,,,,,
enchantress,16,special_bonus_unique_enchantress_4,,,,,,,,,,,,,,,,,
enchantress,17,special_bonus_unique_enchantress_3,,,,,,,,,,,,,,,,,
enigma,1,enigma_malefice,DOTA_ABILITY_BEHAVIOR_UNIT_TARGET,0.3 0.3 0.3 0.3,DAMAGE_TYPE_MAGICAL,,,1,hard_disable,,1,,1,1,1,1,,,
enigma,2,enigma_demonic_conversion,DOTA_ABILITY_BEHAVIOR_DONT_RESUME_ATTACK|DOTA_ABILITY_BEHAVIOR_POINT,0.3 0.3 0.3 0.3,DAMAGE_TYPE_PHYSICAL,,,,,,,,,,,,,,
enigma,3,enigma_midnight_pulse,DOTA_ABILITY_BEHAVIOR_AOE|DOTA_ABILITY_BEHAVIOR_IGNORE_BACKSWING|DOTA_ABILITY_BEHAVIOR_POINT,0.1,DAMAGE_TYPE_MAGICAL,,,,,,,,,,,,,,
enigma,4,enigma_event_horizon,DOTA_ABILITY_BEHAVIOR_HIDDEN|DOTA_ABILITY_BEHAVIOR_INNATE_UI|DOTA_ABILITY_BEHAVIOR_NOT_LEARNABLE|DOTA_ABILITY_BEHAVIOR_PASSIVE|DOTA_ABILITY_BEHAVIOR_SKIP_FOR_KEYBINDS,0,,,,,,,,,,,,,,,
enigma,6,enigma_black_hole,DOTA_ABILITY_BEHAVIOR_AOE|DOTA_ABILITY_BEHAVIOR_CHANNELLED|DOTA_ABILITY_BEHAVIOR_POINT,0.3 0.3 0.3,DAMAGE_TYPE_PURE,,,1,hard_disable,,,,1,1,1,1,,1,
enigma,10,special_bonus_unique_enigma_4,DOTA_ABILITY_BEHAVIOR_PASSIVE,0,,,,,,,,,,,,,,,
enigma,11,special_bonus_unique_enigma_6,DOTA_ABILITY_BEHAVIOR_PASSIVE,0,,,,,,,,,,,,,,,
enigma,12,special_bonus_hp_250,DOTA_ABILITY_BEHAVIOR_PASSIVE,0,,,,,,,,,,,,,,,
enigma,13,special_bonus_unique_enigma_5,DOTA_ABILITY_BEHAVIOR_PASSIVE,0,,,,,,,,,,,,,,,
enigma,14,special_bonus_unique_enigma_9,DOTA_ABILITY_BEHAVIOR_PASSIVE,0,,,,,,,,,,,,,,,
enigma,15,special_bonus_unique_enigma_3,DOTA_ABILITY_BEHAVIOR_PASSIVE,0,,,,,,,,,,,,,,,
enigma,16,special_bonus_unique_enigma_2,DOTA_ABILITY_BEHAVIOR_PASSIVE,0,,,,,,,,,,,,,,,
enigma,17,special_bonus_unique_enigma,DOTA_ABILITY_BEHAVIOR_PASSIVE,0,,,,,,,,,,,,,,,
faceless_void,1,faceless_void_time_walk,DOTA_ABILITY_BEHAVIOR_DIRECTIONAL|DOTA_ABILITY_BEHAVIOR_POINT|DOTA_ABILITY_BEHAVIOR_ROOT_DISABLES,0.3,,,,,,,,,1,,,,,,
faceless_void,2,faceless_void_time_dilation,DOTA_ABILITY_BEHAVIOR_NO_TARGET,0.1,DAMAGE_TYPE_MAGICAL,,,,,,,,,,,,,,
faceless_void,3,faceless_void_time_lock,DOTA_ABILITY_BEHAVIOR_PASSIVE,0,DAMAGE_TYPE_MAGICAL,,,,,,,,,,,,,,
faceless_void,4,faceless_void_time_walk_reverse,DOTA_ABILITY_BEHAVIOR_HIDDEN|DOTA_ABILITY_BEHAVIOR_NO_TARGET|DOTA_ABILITY_BEHAVIOR_ROOT_DISABLES|DOTA_ABILITY_BEHAVIOR_SHOW_IN_GUIDES,0,,,1,,,,,,,,,,,,
faceless_void,5,faceless_void_distortion_field,DOTA_ABILITY_BEHAVIOR_NOT_LEARNABLE|DOTA_ABILITY_BEHAVIOR_PASSIVE,0,,,,,,,,,,,,,,,
faceless_void,6,faceless_void_chronosphere,DOTA_ABILITY_BEHAVIOR_AOE|DOTA_ABILITY_BEHAVIOR_POINT,0.35 0.35 0.35,,,,1,hard_disable,,1,,1,1,1,1,,,
faceless_void,10,special_bonus_unique_faceless_void_6,,,,,,,,,,,,,,,,,
faceless_void,11,special_bonus_unique_faceless_void_7,,,,,,,,,,,,,,,,,
faceless_void,12,special_bonus_unique_faceless_void_3,,,,,,,,,,,,,,,,,
faceless_void,13,special_bonus_unique_faceless_void_8,,,,,,,,,,,,,,,,,
faceless_void,14,special_bonus_unique_faceless_void,,,,,,,,,,,,,,,,,
faceless_void,15,special_bonus_unique_faceless_void_5,,,,,,,,,,,,,,,,,
faceless_void,16,special_bonus_unique_faceless_void_4,DOTA_ABILITY_BEHAVIOR_PASSIVE,0,,,,,,,,,,,,,,,
faceless_void,17,special_bonus_unique_faceless_void_2,,,,,,,,,,,,,,,,,
furion,1,furion_sprout,DOTA_ABILITY_BEHAVIOR_POINT|DOTA_ABILITY_BEHAVIOR_UNIT_TARGET,0.35,DAMAGE_TYPE_MAGICAL,,,,,,,,,,,,,,
furion,2,furion_teleportation,DOTA_ABILITY_BEHAVIOR_AOE|DOTA_ABILITY_BEHAVIOR_NORMAL_WHEN_STOLEN|DOTA_ABILITY_BEHAVIOR_POINT|DOTA_ABILITY_BEHAVIOR_ROOT_DISABLES,3 3 3 3,DAMAGE_TYPE_PHYSICAL,,,,,,,,,,,,,,
furion,3,furion_force_of_nature,DOTA_ABILITY_BEHAVIOR_AOE|DOTA_ABILITY_BEHAVIOR_POINT,0.5 0.5 0.5 0.5,,,,,,,,,,,,,,,
furion,4,furion_curse_of_the_forest,DOTA_ABILITY_BEHAVIOR_NO_TARGET,0.2,DAMAGE_TYPE_MAGICAL,1,,,,,,,,,,,,,
furion,5,furion_spirit_of_the_forest,DOTA_ABILITY_BEHAVIOR_FORCE_NO_INNATE_UI|DOTA_ABILITY_BEHAVIOR_HIDDEN|DOTA_ABILITY_BEHAVIOR_NOT_LEARNABLE|DOTA_ABILITY_BEHAVIOR_PASSIVE,0,,,,,,,,,,,,,,,
furion,6,furion_wrath_of_nature,DOTA_ABILITY_BEHAVIOR_POINT|DOTA_ABILITY_BEHAVIOR_UNIT_TARGET,0.5 0.5 0.5,DAMAGE_TYPE_MAGICAL,,,,,,,,,,,,,,
furion,10,special_bonus_unique_furion_6,DOTA_ABILITY_BEHAVIOR_PASSIVE,0,,,,,,,,,,,,,,,
furion,11,special_bonus_unique_furion_5,DOTA_ABILITY_BEHAVIOR_PASSIVE,0,,,,,,,,,,,,,,,
furion,12,special_bonus_unique_furion_2,DOTA_ABILITY_BEHAVIOR_PASSIVE,0,,,,,,,,,,,,,,,
furion,13,special_bonus_unique_furion_teleportation_barrier,DOTA_ABILITY_BEHAVIOR_PASSIVE,0,,,,,,,,,,,,,,,
furion,14,special_bonus_unique_furion_7,DOTA_ABILITY_BEHAVIOR_PASSIVE,0,,,,,,,,,,,,,,,
furion,15,special_bonus_unique_furion_4,DOTA_ABILITY_BEHAVIOR_PASSIVE,0,,,,,,,,,,,,,,,
furion,16,special_bonus_unique_furion_3,DOTA_ABILITY_BEHAVIOR_PASSIVE,0,,,,,,,,,,,,,,,
furion,17,special_bonus_unique_furion,DOTA_ABILITY_BEHAVIOR_PASSIVE,0,,,,,,,,,,,,,,,
grimstroke,1,grimstroke_dark_artistry,DOTA_ABILITY_BEHAVIOR_ALT_CASTABLE|DOTA_ABILITY_BEHAVIOR_POINT,0.6,DAMAGE_TYPE_MAGICAL,,,,,,,,,,,,,,
grimstroke,2,grimstroke_ink_creature,DOTA_ABILITY_BEHAVIOR_IGNORE_BACKSWING|DOTA_ABILITY_BEHAVIOR_UNIT_TARGET,0,DAMAGE_TYPE_MAGICAL,,,1,hard_disable,,1,,1,1,1,1,,,
grimstroke,3,grimstroke_spirit_walk,DOTA_ABILITY_BEHAVIOR_DONT_RESUME_ATTACK|DOTA_ABILITY_BEHAVIOR_UNIT_TARGET,0.15,DAMAGE_TYPE_MAGICAL,,,,,,,,,,,,,,
grimstroke,4,grimstroke_dark_portrait,DOTA_ABILITY_BEHAVIOR_HIDDEN|DOTA_ABILITY_BEHAVIOR_SHOW_IN_GUIDES|DOTA_ABILITY_BEHAVIOR_UNIT_TARGET,0,,,1,,,,,,,,,,,,
grimstroke,6,grimstroke_soul_chain,DOTA_ABILITY_BEHAVIOR_AOE|DOTA_ABILITY_BEHAVIOR_UNIT_TARGET,0.15,,,,1,channel_start,1,1,,1,1,1,1,,,
grimstroke,7,grimstroke_ink_trail,DOTA_ABILITY_BEHAVIOR_FORCE_NO_INNATE_UI|DOTA_ABILITY_BEHAVIOR_HIDDEN|DOTA_ABILITY_BEHAVIOR_PASSIVE|DOTA_ABILITY_BEHAVIOR_SKIP_FOR_KEYBINDS,0,,,,,,,,,,,,,,,
grimstroke,10,special_bonus_unique_grimstroke_8,,,,,,,,,,,,,,,,,
grimstroke,11,special_bonus_unique_grimstroke_7,,,,,,,,,,,,,,,,,
grimstroke,12,special_bonus_unique_grimstroke_soul_chain_reflect_damage,,,,,,,,,,,,,,,,,
grimstroke,13,special_bonus_unique_grimstroke_6,,,,,,,,,,,,,,,,,
grimstroke,14,special_bonus_unique_grimstroke_2,,,,,,,,,,,,,,,,,
grimstroke,15,special_bonus_unique_grimstroke_4,,,,,,,,,,,,,,,,,
grimstroke,16,special_bonus_unique_grimstroke_1,,,,,,,,,,,,,,,,,
grimstroke,17,special_bonus_unique_grimstroke_3,,,,,,,,,,,,,,,,,
gyrocopter,1,gyrocopter_rocket_barrage,DOTA_ABILITY_BEHAVIOR_IMMEDIATE|DOTA_ABILITY_BEHAVIOR_NO_TARGET,0,DAMAGE_TYPE_MAGICAL,,,,,,,,,,,,,,
gyrocopter,2,gyrocopter_homing_missile,DOTA_ABILITY_BEHAVIOR_IGNORE_BACKSWING|DOTA_ABILITY_BEHAVIOR_UNIT_TARGET,0,DAMAGE_TYPE_MAGICAL,,,1,hard_disable,1,1,,1,,1,1,,,
gyrocopter,3,gyrocopter_flak_cannon,DOTA_ABILITY_BEHAVIOR_IMMEDIATE|DOTA_ABILITY_BEHAVIOR_NO_TARGET,0 0 0 0,DAMAGE_TYPE_PHYSICAL,,,,,,,,,,,,,,
gyrocopter,4,gyrocopter_afterburner,DOTA_ABILITY_BEHAVIOR_FORCE_NO_INNATE_UI|DOTA_ABILITY_BEHAVIOR_HIDDEN|DOTA_ABILITY_BEHAVIOR_PASSIVE|DOTA_ABILITY_BEHAVIOR_SKIP_FOR_KEYBINDS,0,,,,,,,,,,,,,,,
gyrocopter,5,gyrocopter_side_gunner_spawn_ability,DOTA_ABILITY_BEHAVIOR_PASSIVE,0,DAMAGE_TYPE_PHYSICAL,,1,,,,,,,,,,,,
gyrocopter,6,gyrocopter_call_down,DOTA_ABILITY_BEHAVIOR_AOE|DOTA_ABILITY_BEHAVIOR_POINT|DOTA_ABILITY_BEHAVIOR_SHOW_IN_GUIDES,0.3 0.3 0.3,DAMAGE_TYPE_MAGICAL,,,1,hard_disable,,1,,1,,,,,,
gyrocopter,10,special_bonus_unique_gyrocopter_homing_missile_damage,,,,,,,,,,,,,,,,,
gyrocopter,11,special_bonus_hp_150,DOTA_ABILITY_BEHAVIOR_PASSIVE,0,,,,,,,,,,,,,,,
gyrocopter,12,special_bonus_unique_gyrocopter_6,,,,,,,,,,,,,,,,,
gyrocopter,13,special_bonus_unique_gyrocopter_flak_cannon_bonus_damage,,,,,,,,,,,,,,,,,
gyrocopter,14,special_bonus_unique_gyrocopter_2,,,,,,,,,,,,,,,,,
gyrocopter,15,special_bonus_unique_gyrocopter_3,,,,,,,,,,,,,,,,,
gyrocopter,16,special_bonus_unique_gyrocopter_1,,,,,,,,,,,,,,,,,
gyrocopter,17,special_bonus_unique_gyrocopter_5,,,,,,,,,,,,,,,,,
hoodwink,1,hoodwink_acorn_shot,DOTA_ABILITY_BEHAVIOR_ALT_CASTABLE|DOTA_ABILITY_BEHAVIOR_IGNORE_BACKSWING|DOTA_ABILITY_BEHAVIOR_POINT|DOTA_ABILITY_BEHAVIOR_UNIT_TARGET,0.2,DAMAGE_TYPE_PHYSICAL,,,,,,,,,,,,,,
hoodwink,2,hoodwink_bushwhack,DOTA_ABILITY_BEHAVIOR_AOE|DOTA_ABILITY_BEHAVIOR_POINT,0.2,DAMAGE_TYPE_MAGICAL,,,1,hard_disable,,1,,1,1,1,1,,,
hoodwink,3,hoodwink_scurry,DOTA_ABILITY_BEHAVIOR_IMMEDIATE|DOTA_ABILITY_BEHAVIOR_NO_TARGET,0,,,,,,,,,,,,,,,
hoodwink,4,hoodwink_decoy,DOTA_ABILITY_BEHAVIOR_HIDDEN|DOTA_ABILITY_BEHAVIOR_IMMEDIATE|DOTA_ABILITY_BEHAVIOR_NOT_LEARNABLE|DOTA_ABILITY_BEHAVIOR_NO_TARGET,0,,,1,,,,,,,,,,,,
hoodwink,5,hoodwink_hunters_boomerang,DOTA_ABILITY_BEHAVIOR_HIDDEN|DOTA_ABILITY_BEHAVIOR_NOT_LEARNABLE|DOTA_ABILITY_BEHAVIOR_POINT|DOTA_ABILITY_BEHAVIOR_UNIT_TARGET,0.2,DAMAGE_TYPE_MAGICAL,1,,,,,,,,,,,,,
hoodwink,6,hoodwink_sharpshooter,DOTA_ABILITY_BEHAVIOR_IGNORE_BACKSWING|DOTA_ABILITY_BEHAVIOR_POINT,0,DAMAGE_TYPE_MAGICAL,,,,,,,,,,,,,,
hoodwink,7,hoodwink_sharpshooter_release,DOTA_ABILITY_BEHAVIOR_DONT_RESUME_ATTACK|DOTA_ABILITY_BEHAVIOR_HIDDEN|DOTA_ABILITY_BEHAVIOR_IGNORE_BACKSWING|DOTA_ABILITY_BEHAVIOR_IMMEDIATE|DOTA_ABILITY_BEHAVIOR_NOT_LEARNABLE|DOTA_ABILITY_BEHAVIOR_NO_TARGET,0,,,,,,,,,,,,,,,
hoodwink,8,hoodwink_mistwoods_wayfarer,DOTA_ABILITY_BEHAVIOR_INNATE_UI|DOTA_ABILITY_BEHAVIOR_NOT_LEARNABLE|DOTA_ABILITY_BEHAVIOR_PASSIVE|DOTA_ABILITY_BEHAVIOR_SKIP_FOR_KEYBINDS,0,,,,,,,,,,,,,,,
hoodwink,10,special_bonus_unique_hoodwink_bushwhack_damage,,,,,,,,,,,,,,,,,
hoodwink,11,special_bonus_hp_175,DOTA_ABILITY_BEHAVIOR_PASSIVE,0,,,,,,,,,,,,,,,
hoodwink,12,special_bonus_unique_hoodwink_scurry_charges,,,,,,,,,,,,,,,,,
hoodwink,13,special_bonus_agility_10,DOTA_ABILITY_BEHAVIOR_PASSIVE,0,,,,,,,,,,,,,,,
hoodwink,14,special_bonus_unique_hoodwink_sharpshooter_vision,,,,,,,,,,,,,,,,,
hoodwink,15,special_bonus_unique_hoodwink_acorn_shot_bounces,,,,,,,,,,,,,,,,,
hoodwink,16,special_bonus_unique_hoodwink_sharpshooter_damage,,,,,,,,,,,,,,,,,
hoodwink,17,special_bonus_unique_hoodwink_acorn_shot_charges,,,,,,,,,,,,,,,,,
huskar,1,huskar_inner_fire,DOTA_ABILITY_BEHAVIOR_NO_TARGET,0.35,DAMAGE_TYPE_MAGICAL,,,,,,,,,,,,,,
huskar,2,huskar_burning_spear,DOTA_ABILITY_BEHAVIOR_ATTACK|DOTA_ABILITY_BEHAVIOR_AUTOCAST|DOTA_ABILITY_BEHAVIOR_UNIT_TARGET,0.0 0.0 0.0 0.0,DAMAGE_TYPE_MAGICAL,,,,,,,,,,,,,,
huskar,3,huskar_berserkers_blood,DOTA_ABILITY_BEHAVIOR_PASSIVE,0,,,,,,,,,,,,,,,
huskar,4,huskar_blood_magic,DOTA_ABILITY_BEHAVIOR_PASSIVE|DOTA_ABILITY_BEHAVIOR_SHOW_IN_GUIDES|DOTA_ABILITY_BEHAVIOR_SKIP_FOR_KEYBINDS,0,DAMAGE_TYPE_NONE,,,,,,,,,,,,,,
huskar,6,huskar_life_break,DOTA_ABILITY_BEHAVIOR_UNIT_TARGET,0.3 0.3 0.3,DAMAGE_TYPE_MAGICAL,,,1,gap_close,,1,,1,1,1,1,,,
huskar,10,special_bonus_unique_huskar_3,,,,,,,,,,,,,,,,,
huskar,11,special_bonus_unique_huskar_4,,,,,,,,,,,,,,,,,
huskar,12,special_bonus_unique_huskar_2,,,,,,,,,,,,,,,,,
huskar,13,special_bonus_lifesteal_12,DOTA_ABILITY_BEHAVIOR_PASSIVE,0,,,,,,,,,,,,,,,
huskar,14,special_bonus_unique_huskar_6,,,,,,,,,,,,,,,,,
huskar,15,special_bonus_unique_huskar_7,,,,,,,,,,,,,,,,,
huskar,16,special_bonus_unique_huskar_5,,,,,,,,,,,,,,,,,
huskar,17,special_bonus_unique_huskar,,,,,,,,,,,,,,,,,
invoker,1,invoker_quas,DOTA_ABILITY_BEHAVIOR_IGNORE_CHANNEL|DOTA_ABILITY_BEHAVIOR_IGNORE_INVISIBLE|DOTA_ABILITY_BEHAVIOR_IMMEDIATE|DOTA_ABILITY_BEHAVIOR_NO_TARGET,0,,,,,,,,,,,,,,,
invoker,2,invoker_wex,DOTA_ABILITY_BEHAVIOR_IGNORE_CHANNEL|DOTA_ABILITY_BEHAVIOR_IGNORE_INVISIBLE|DOTA_ABILITY_BEHAVIOR_IMMEDIATE|DOTA_ABILITY_BEHAVIOR_NO_TARGET,0,,,,,,,,,,,,,,,
invoker,3,invoker_exort,DOTA_ABILITY_BEHAVIOR_IGNORE_CHANNEL|DOTA_ABILITY_BEHAVIOR_IGNORE_INVISIBLE|DOTA_ABILITY_BEHAVIOR_IMMEDIATE|DOTA_ABILITY_BEHAVIOR_NO_TARGET,0,,,,,,,,,,,,,,,
invoker,4,invoker_empty1,DOTA_ABILITY_BEHAVIOR_NOT_LEARNABLE|DOTA_ABILITY_BEHAVIOR_PASSIVE,0,,,,,,,,,,,,,,,
invoker,5,invoker_empty2,DOTA_ABILITY_BEHAVIOR_NOT_LEARNABLE|DOTA_ABILITY_BEHAVIOR_PASSIVE,0,,,,,,,,,,,,,,,
invoker,6,invoker_invoke,DOTA_ABILITY_BEHAVIOR_IGNORE_CHANNEL|DOTA_ABILITY_BEHAVIOR_IGNORE_INVISIBLE|DOTA_ABILITY_BEHAVIOR_IMMEDIATE|DOTA_ABILITY_BEHAVIOR_NOT_LEARNABLE|DOTA_ABILITY_BEHAVIOR_NO_TARGET|DOTA_ABILITY_BEHAVIOR_SHOW_IN_GUIDES,0,,,,,,,,,,,,,,,
invoker,7,invoker_cold_snap,DOTA_ABILITY_BEHAVIOR_HIDDEN|DOTA_ABILITY_BEHAVIOR_IGNORE_BACKSWING|DOTA_ABILITY_BEHAVIOR_NOT_LEARNABLE|DOTA_ABILITY_BEHAVIOR_SHOW_IN_GUIDES|DOTA_ABILITY_BEHAVIOR_UNIT_TARGET,0.05,DAMAGE_TYPE_MAGICAL,,,,,,,,,,,,,,
invoker,8,invoker_ghost_walk,DOTA_ABILITY_BEHAVIOR_HIDDEN|DOTA_ABILITY_BEHAVIOR_IGNORE_CHANNEL|DOTA_ABILITY_BEHAVIOR_IMMEDIATE|DOTA_ABILITY_BEHAVIOR_NOT_LEARNABLE|DOTA_ABILITY_BEHAVIOR_NO_TARGET|DOTA_ABILITY_BEHAVIOR_SHOW_IN_GUIDES,0.05,,,,,,,,,,,,,,,
invoker,9,invoker_tornado,DOTA_ABILITY_BEHAVIOR_HIDDEN|DOTA_ABILITY_BEHAVIOR_IGNORE_BACKSWING|DOTA_ABILITY_BEHAVIOR_NOT_LEARNABLE|DOTA_ABILITY_BEHAVIOR_OVERSHOOT|DOTA_ABILITY_BEHAVIOR_POINT|DOTA_ABILITY_BEHAVIOR_SHOW_IN_GUIDES,0.05,DAMAGE_TYPE_MAGICAL,,,,,,,,,,,,,,
invoker,10,invoker_emp,DOTA_ABILITY_BEHAVIOR_AOE|DOTA_ABILITY_BEHAVIOR_HIDDEN|DOTA_ABILITY_BEHAVIOR_IGNORE_BACKSWING|DOTA_ABILITY_BEHAVIOR_NOT_LEARNABLE|DOTA_ABILITY_BEHAVIOR_POINT|DOTA_ABILITY_BEHAVIOR_SHOW_IN_GUIDES,0.05,DAMAGE_TYPE_MAGICAL,,,,,,,,,,,,,,
invoker,11,invoker_alacrity,DOTA_ABILITY_BEHAVIOR_DONT_RESUME_ATTACK|DOTA_ABILITY_BEHAVIOR_HIDDEN|DOTA_ABILITY_BEHAVIOR_IGNORE_BACKSWING|DOTA_ABILITY_BEHAVIOR_NOT_LEARNABLE|DOTA_ABILITY_BEHAVIOR_SHOW_IN_GUIDES|DOTA_ABILITY_BEHAVIOR_UNIT_TARGET,0.05,DAMAGE_TYPE_PHYSICAL,,,,,,,,,,,,,,
invoker,12,invoker_chaos_meteor,DOTA_ABILITY_BEHAVIOR_HIDDEN|DOTA_ABILITY_BEHAVIOR_IGNORE_BACKSWING|DOTA_ABILITY_BEHAVIOR_NOT_LEARNABLE|DOTA_ABILITY_BEHAVIOR_POINT|DOTA_ABILITY_BEHAVIOR_SHOW_IN_GUIDES,0.05,DAMAGE_TYPE_MAGICAL,,,,,,,,,,,,,,
invoker,13,invoker_sun_strike,DOTA_ABILITY_BEHAVIOR_AOE|DOTA_ABILITY_BEHAVIOR_HIDDEN|DOTA_ABILITY_BEHAVIOR_IGNORE_BACKSWING|DOTA_ABILITY_BEHAVIOR_NOT_LEARNABLE|DOTA_ABILITY_BEHAVIOR_POINT|DOTA_ABILITY_BEHAVIOR_SHOW_IN_GUIDES,0.05,DAMAGE_TYPE_PURE,,,,,,,,,,,,,,
invoker,14,invoker_forge_spirit,DOTA_ABILITY_BEHAVIOR_HIDDEN|DOTA_ABILITY_BEHAVIOR_IGNORE_BACKSWING|DOTA_ABILITY_BEHAVIOR_NOT_LEARNABLE|DOTA_ABILITY_BEHAVIOR_NO_TARGET|DOTA_ABILITY_BEHAVIOR_SHOW_IN_GUIDES,0.05,,,,,,,,,,,,,,,
invoker,15,invoker_ice_wall,DOTA_ABILITY_BEHAVIOR_HIDDEN|DOTA_ABILITY_BEHAVIOR_IGNORE_BACKSWING|DOTA_ABILITY_BEHAVIOR_NOT_LEARNABLE|DOTA_ABILITY_BEHAVIOR_NO_TARGET|DOTA_ABILITY_BEHAVIOR_SHOW_IN_GUIDES,0.05,DAMAGE_TYPE_MAGICAL,,,,,,,,,,,,,,
invoker,16,invoker_deafening_blast,DOTA_ABILITY_BEHAVIOR_HIDDEN|DOTA_ABILITY_BEHAVIOR_IGNORE_BACKSWING|DOTA_ABILITY_BEHAVIOR_NOT_LEARNABLE|DOTA_ABILITY_BEHAVIOR_POINT|DOTA_ABILITY_BEHAVIOR_SHOW_IN_GUIDES,0.05,DAMAGE_TYPE_MAGICAL,,,,,,,,,,,,,,
invoker,17,special_bonus_unique_invoker_ice_wall_dps,,,,,,,,,,,,,,,,,
jakiro,1,jakiro_dual_breath,DOTA_ABILITY_BEHAVIOR_POINT|DOTA_ABILITY_BEHAVIOR_UNIT_TARGET,0.35,DAMAGE_TYPE_MAGICAL,,,,,,,,,,,,,,
jakiro,2,jakiro_ice_path,DOTA_ABILITY_BEHAVIOR_POINT,0.65,DAMAGE_TYPE_MAGICAL,,,1,hard_disable,,1,,1,1,1,1,,,
jakiro,3,jakiro_liquid_fire,DOTA_ABILITY_BEHAVIOR_ATTACK|DOTA_ABILITY_BEHAVIOR_AUTOCAST|DOTA_ABILITY_BEHAVIOR_UNIT_TARGET,0.0 0.0 0.0 0.0,DAMAGE_TYPE_MAGICAL,,,,,,,,,,,,,,
jakiro,4,jakiro_liquid_ice,DOTA_ABILITY_BEHAVIOR_ATTACK|DOTA_ABILITY_BEHAVIOR_AUTOCAST|DOTA_ABILITY_BEHAVIOR_DONT_PROC_OTHER_ABILITIES|DOTA_ABILITY_BEHAVIOR_UNIT_TARGET,0.0 0.0 0.0 0.0,DAMAGE_TYPE_MAGICAL,,,,,,,,,,,,,,
jakiro,5,jakiro_double_trouble,DOTA_ABILITY_BEHAVIOR_NOT_LEARNABLE|DOTA_ABILITY_BEHAVIOR_PASSIVE,0,,,,,,,,,,,,,,,
jakiro,6,jakiro_macropyre,DOTA_ABILITY_BEHAVIOR_POINT,0.4,DAMAGE_TYPE_MAGICAL,,,,,,,,,,,,,,
jakiro,10,special_bonus_unique_jakiro_4,,,,,,,,,,,,,,,,,
jakiro,11,special_bonus_unique_jakiro_6,,,,,,,,,,,,,,,,,
jakiro,12,special_bonus_attack_range_175,DOTA_ABILITY_BEHAVIOR_PASSIVE,0,,,,,,,,,,,,,,,
jakiro,13,special_bonus_unique_jakiro_dualbreath_cooldown,,,,,,,,,,,,,,,,,
jakiro,14,special_bonus_unique_jakiro,,,,,,,,,,,,,,,,,
jakiro,15,special_bonus_unique_jakiro_7,,,,,,,,,,,,,,,,,
jakiro,16,special_bonus_unique_jakiro_2,,,,,,,,,,,,,,,,,
jakiro,17,special_bonus_unique_jakiro_3,,,,,,,,,,,,,,,,,
juggernaut,1,juggernaut_blade_fury,DOTA_ABILITY_BEHAVIOR_IGNORE_CHANNEL|DOTA_ABILITY_BEHAVIOR_IMMEDIATE|DOTA_ABILITY_BEHAVIOR_NO_TARGET,0 0 0 0,DAMAGE_TYPE_MAGICAL,,,,,,,,,,,,,,
juggernaut,2,juggernaut_healing_ward,DOTA_ABILITY_BEHAVIOR_AOE|DOTA_ABILITY_BEHAVIOR_POINT,0.3 0.3 0.3 0.3,,,,,,,,,,,,,,,
juggernaut,3,juggernaut_blade_dance,DOTA_ABILITY_BEHAVIOR_PASSIVE,0,,,,,,,,,,,,,,,
juggernaut,4,juggernaut_swift_slash,DOTA_ABILITY_BEHAVIOR_DONT_RESUME_ATTACK|DOTA_ABILITY_BEHAVIOR_UNIT_TARGET,0.3 0.3 0.3,DAMAGE_TYPE_PHYSICAL,,1,,,,,,,,,,,,
juggernaut,5,juggernaut_bladeform,DOTA_ABILITY_BEHAVIOR_INNATE_UI|DOTA_ABILITY_BEHAVIOR_PASSIVE,0,,,,,,,,,,,,,,,
juggernaut,6,juggernaut_omni_slash,DOTA_ABILITY_BEHAVIOR_DONT_RESUME_ATTACK|DOTA_ABILITY_BEHAVIOR_UNIT_TARGET,0.3 0.3 0.3,DAMAGE_TYPE_PHYSICAL,,,,,,,,,,,,,,
juggernaut,10,special_bonus_unique_juggernaut_5,DOTA_ABILITY_BEHAVIOR_PASSIVE,0,,,,,,,,,,,,,,,
juggernaut,11,special_bonus_unique_juggernaut_3,DOTA_ABILITY_BEHAVIOR_PASSIVE,0,,,,,,,,,,,,,,,
juggernaut,12,special_bonus_unique_juggernaut_omnislash_cooldown,,,,,,,,,,,,,,,,,
juggernaut,13,special_bonus_unique_juggernaut_blade_fury_movespeed,DOTA_ABILITY_BEHAVIOR_PASSIVE,0,,,,,,,,,,,,,,,
juggernaut,14,special_bonus_unique_juggernaut_4,DOTA_ABILITY_BEHAVIOR_PASSIVE,0,,,,,,,,,,,,,,,
juggernaut,15,special_bonus_unique_juggernaut,,,,,,,,,,,,,,,,,
juggernaut,16,special_bonus_unique_juggernaut_omnislash_duration,DOTA_ABILITY_BEHAVIOR_PASSIVE,0,,,,,,,,,,,,,,,
juggernaut,17,special_bonus_unique_juggernaut_blade_dance_lifesteal,DOTA_ABILITY_BEHAVIOR_PASSIVE,0,,,,,,,,,,,,,,,
keeper_of_the_light,1,keeper_of_the_light_illuminate,DOTA_ABILITY_BEHAVIOR_CHANNELLED|DOTA_ABILITY_BEHAVIOR_POINT,0,DAMAGE_TYPE_MAGICAL,,,1,channel_start,,,,,,,,,,
keeper_of_the_light,2,keeper_of_the_light_blinding_light,DOTA_ABILITY_BEHAVIOR_AOE|DOTA_ABILITY_BEHAVIOR_POINT,0.3 0.3 0.3 0.3,DAMAGE_TYPE_MAGICAL,,,,,,,,,,,,,,
keeper_of_the_light,3,keeper_of_the_light_chakra_magic,DOTA_ABILITY_BEHAVIOR_UNIT_TARGET,0.3 0.3 0.3 0.3,,,,,,,,,,,,,,,
keeper_of_the_light,4,keeper_of_the_light_radiant_bind,DOTA_ABILITY_BEHAVIOR_FORCE_KEYBIND|DOTA_ABILITY_BEHAVIOR_HIDDEN|DOTA_ABILITY_BEHAVIOR_SHOW_IN_GUIDES|DOTA_ABILITY_BEHAVIOR_UNIT_TARGET,0.2,,,,,,,,,,,,,,,
keeper_of_the_light,5,keeper_of_the_light_will_o_wisp,DOTA_ABILITY_BEHAVIOR_AOE|DOTA_ABILITY_BEHAVIOR_HIDDEN|DOTA_ABILITY_BEHAVIOR_POINT|DOTA_ABILITY_BEHAVIOR_SHOW_IN_GUIDES,0.1,DAMAGE_TYPE_MAGICAL,,1,,,,,,,,,,,,
keeper_of_the_light,6,keeper_of_the_light_spirit_form,DOTA_ABILITY_BEHAVIOR_NO_TARGET,0,,,,,,,,,,,,,,,
keeper_of_the_light,7,keeper_of_the_light_illuminate_end,DOTA_ABILITY_BEHAVIOR_DONT_RESUME_ATTACK|DOTA_ABILITY_BEHAVIOR_HIDDEN|DOTA_ABILITY_BEHAVIOR_NOT_LEARNABLE|DOTA_ABILITY_BEHAVIOR_NO_TARGET,0.0 0.0 0.0 0.0,,,,,,,,,,,,,,,
keeper_of_the_light,8,keeper_of_the_light_bright_speed,DOTA_ABILITY_BEHAVIOR_PASSIVE|DOTA_ABILITY_BEHAVIOR_SKIP_FOR_KEYBINDS,0,,,,,,,,,,,,,,,
keeper_of_the_light,11,special_bonus_unique_keeper_of_the_light_8,,,,,,,,,,,,,,,,,
keeper_of_the_light,12,special_bonus_unique_keeper_of_the_light_illuminate_cooldown,,,,,,,,,,,,,,,,,
keeper_of_the_light,13,special_bonus_unique_keeper_of_the_light_11,,,,,,,,,,,,,,,,,
keeper_of_the_light,14,special_bonus_unique_keeper_of_the_light_5,,,,,,,,,,,,,,,,,
keeper_of_the_light,15,special_bonus_unique_keeper_of_the_light_2,,,,,,,,,,,,,,,,,
keeper_of_the_light,16,special_bonus_unique_keeper_of_the_light_3,,,,,,,,,,,,,,,,,
keeper_of_the_light,17,special_bonus_unique_keeper_of_the_light_14,,,,,,,,,,,,,,,,,
kez,1,kez_echo_slash,DOTA_ABILITY_BEHAVIOR_DONT_RESUME_MOVEMENT|DOTA_ABILITY_BEHAVIOR_IGNORE_BACKSWING|DOTA_ABILITY_BEHAVIOR_NO_TARGET,0.2,DAMAGE_TYPE_PHYSICAL,,,,,,,,,,,,,,
kez,2,kez_grappling_claw,DOTA_ABILITY_BEHAVIOR_DONT_RESUME_MOVEMENT|DOTA_ABILITY_BEHAVIOR_IGNORE_BACKSWING|DOTA_ABILITY_BEHAVIOR_ROOT_DISABLES|DOTA_ABILITY_BEHAVIOR_UNIT_TARGET,0,,,,1,gap_close,1,1,,1,1,1,1,,,
kez,3,kez_kazurai_katana,DOTA_ABILITY_BEHAVIOR_ATTACK|DOTA_ABILITY_BEHAVIOR_UNIT_TARGET,0,DAMAGE_TYPE_PHYSICAL,,,,,,,,,,,,,,
kez,4,kez_switch_weapons,DOTA_ABILITY_BEHAVIOR_IGNORE_BACKSWING|DOTA_ABILITY_BEHAVIOR_IGNORE_INVISIBLE|DOTA_ABILITY_BEHAVIOR_IGNORE_SILENCE|DOTA_ABILITY_BEHAVIOR_IMMEDIATE|DOTA_ABILITY_BEHAVIOR_NO_TARGET,0,,,,,,,,,,,,,,,
kez,6,kez_raptor_dance,DOTA_ABILITY_BEHAVIOR_AOE|DOTA_ABILITY_BEHAVIOR_IGNORE_BACKSWING|DOTA_ABILITY_BEHAVIOR_NO_TARGET,1,DAMAGE_TYPE_PURE,,,1,hard_disable,,1,,1,1,1,1,,,
kez,7,kez_falcon_rush,DOTA_ABILITY_BEHAVIOR_HIDDEN|DOTA_ABILITY_BEHAVIOR_IGNORE_BACKSWING|DOTA_ABILITY_BEHAVIOR_IMMEDIATE|DOTA_ABILITY_BEHAVIOR_NO_TARGET|DOTA_ABILITY_BEHAVIOR_SHOW_IN_GUIDES,0,,,,,,,,,,,,,,,
kez,8,kez_talon_toss,DOTA_ABILITY_BEHAVIOR_AOE|DOTA_ABILITY_BEHAVIOR_HIDDEN|DOTA_ABILITY_BEHAVIOR_IGNORE_BACKSWING|DOTA_ABILITY_BEHAVIOR_SHOW_IN_GUIDES|DOTA_ABILITY_BEHAVIOR_UNIT_TARGET,0.2,DAMAGE_TYPE_PHYSICAL,,,,,,,,,,,,,,
kez,9,kez_shodo_sai,DOTA_ABILITY_BEHAVIOR_DONT_CANCEL_MOVEMENT|DOTA_ABILITY_BEHAVIOR_HIDDEN|DOTA_ABILITY_BEHAVIOR_IGNORE_BACKSWING|DOTA_ABILITY_BEHAVIOR_IMMEDIATE|DOTA_ABILITY_BEHAVIOR_POINT|DOTA_ABILITY_BEHAVIOR_SHOW_IN_GUIDES,0,,,,,,,,,,,,,,,
kez,10,kez_ravens_veil,DOTA_ABILITY_BEHAVIOR_HIDDEN|DOTA_ABILITY_BEHAVIOR_IGNORE_BACKSWING|DOTA_ABILITY_BEHAVIOR_NO_TARGET|DOTA_ABILITY_BEHAVIOR_SHOW_IN_GUIDES,0.3,,,,,,,,,,,,,,,
kez,11,kez_shodo_sai_parry_cancel,DOTA_ABILITY_BEHAVIOR_DONT_RESUME_MOVEMENT|DOTA_ABILITY_BEHAVIOR_HIDDEN|DOTA_ABILITY_BEHAVIOR_IGNORE_BACKSWING|DOTA_ABILITY_BEHAVIOR_IMMEDIATE|DOTA_ABILITY_BEHAVIOR_NOT_LEARNABLE|DOTA_ABILITY_BEHAVIOR_NO_TARGET,0,,,,,,,,,,,,,,,
kez,12,special_bonus_magic_resistance_12,DOTA_ABILITY_BEHAVIOR_PASSIVE,0,,,,,,,,,,,,,,,
kez,13,special_bonus_unique_kez_raptor_dance_radius,,,,,,,,,,,,,,,,,
kez,14,special_bonus_unique_kez_falcon_rush_duration,,,,,,,,,,,,,,,,,
kez,15,special_bonus_unique_kez_raptor_dance_strikes,,,,,,,,,,,,,,,,,
kez,16,special_bonus_unique_kez_kazura_katana_bleed_damage,,,,,,,,,,,,,,,,,
kez,17,special_bonus_unique_kez_falcon_rush_attack_speed,,,,,,,,,,,,,,,,,
kunkka,1,kunkka_torrent,DOTA_ABILITY_BEHAVIOR_AOE|DOTA_ABILITY_BEHAVIOR_IGNORE_BACKSWING|DOTA_ABILITY_BEHAVIOR_POINT,0.4,DAMAGE_TYPE_MAGICAL,,,1,hard_disable,,1,,1,,1,1,,,
kunkka,2,kunkka_tidebringer,DOTA_ABILITY_BEHAVIOR_ATTACK|DOTA_ABILITY_BEHAVIOR_AUTOCAST|DOTA_ABILITY_BEHAVIOR_UNIT_TARGET,0.0 0.0 0.0 0.0,DAMAGE_TYPE_PHYSICAL,,,,,,,,,,,,,,
kunkka,3,kunkka_x_marks_the_spot,DOTA_ABILITY_BEHAVIOR_IGNORE_BACKSWING|DOTA_ABILITY_BEHAVIOR_UNIT_TARGET,0.4 0.4 0.4 0.4,,,,1,hard_disable,1,1,,1,,1,1,,,
kunkka,4,kunkka_admirals_rum,DOTA_ABILITY_BEHAVIOR_FORCE_KEYBIND|DOTA_ABILITY_BEHAVIOR_NOT_LEARNABLE|DOTA_ABILITY_BEHAVIOR_PASSIVE,0,,,,,,,,,,,,,,,
kunkka,5,kunkka_tidal_wave,DOTA_ABILITY_BEHAVIOR_HIDDEN|DOTA_ABILITY_BEHAVIOR_POINT|DOTA_ABILITY_BEHAVIOR_SHOW_IN_GUIDES,0.2,DAMAGE_TYPE_MAGICAL,1,,,,,,,,,,,,,
kunkka,6,kunkka_ghostship,DOTA_ABILITY_BEHAVIOR_DIRECTIONAL|DOTA_ABILITY_BEHAVIOR_IGNORE_BACKSWING|DOTA_ABILITY_BEHAVIOR_POINT,0.3,DAMAGE_TYPE_MAGICAL,,,,,,,,,,,,,,
kunkka,7,kunkka_return,DOTA_ABILITY_BEHAVIOR_HIDDEN|DOTA_ABILITY_BEHAVIOR_IGNORE_BACKSWING|DOTA_ABILITY_BEHAVIOR_NO_TARGET,0.2,,,,,,,,,,,,,,,
kunkka,10,special_bonus_unique_kunkka_rum_duration,,,,,,,,,,,,,,,,,
kunkka,11,special_bonus_unique_kunkka_tidebringer_slow,,,,,,,,,,,,,,,,,
kunkka,12,special_bonus_unique_kunkka_7,,,,,,,,,,,,,,,,,
kunkka,13,special_bonus_unique_kunkka_2,,,,,,,,,,,,,,,,,
kunkka,14,special_bonus_unique_kunkka_torrent_cooldown,,,,,,,,,,,,,,,,,
kunkka,15,special_bonus_unique_kunkka_4,,,,,,,,,,,,,,,,,
kunkka,16,special_bonus_spell_aoe_100,DOTA_ABILITY_BEHAVIOR_PASSIVE,0,,,,,,,,,,,,,,,
kunkka,17,special_bonus_unique_kunkka_tidebringer_armor_pierce,,,,,,,,,,,,,,,,,
largo,1,largo_catchy_lick,DOTA_ABILITY_BEHAVIOR_RUNE_TARGET|DOTA_ABILITY_BEHAVIOR_UNIT_TARGET,0.2,DAMAGE_TYPE_MAGICAL,,,,,,,,,,,,,,
largo,2,largo_frogstomp,DOTA_ABILITY_BEHAVIOR_AOE|DOTA_ABILITY_BEHAVIOR_POINT,0.2,DAMAGE_TYPE_MAGICAL,,,,,,,,,,,,,,
largo,3,largo_croak_of_genius,DOTA_ABILITY_BEHAVIOR_DONT_PROC_OTHER_ABILITIES|DOTA_ABILITY_BEHAVIOR_UNIT_TARGET,0.2,DAMAGE_TYPE_MAGICAL,,,,,,,,,,,,,,
largo,4,largo_encore,DOTA_ABILITY_BEHAVIOR_HIDDEN|DOTA_ABILITY_BEHAVIOR_PASSIVE,0,,,,,,,,,,,,,,,
largo,6,largo_amphibian_rhapsody,DOTA_ABILITY_BEHAVIOR_IGNORE_BACKSWING|DOTA_ABILITY_BEHAVIOR_IGNORE_CHANNEL|DOTA_ABILITY_BEHAVIOR_IGNORE_INVISIBLE|DOTA_ABILITY_BEHAVIOR_IGNORE_SILENCE|DOTA_ABILITY_BEHAVIOR_IMMEDIATE|DOTA_ABILITY_BEHAVIOR_NO_TARGET|DOTA_ABILITY_BEHAVIOR_TOGGLE,0,DAMAGE_TYPE_MAGICAL,,,,,,,,,,,,,,
largo,8,largo_song_fight_song,DOTA_ABILITY_BEHAVIOR_HIDDEN|DOTA_ABILITY_BEHAVIOR_IMMEDIATE|DOTA_ABILITY_BEHAVIOR_NOT_LEARNABLE|DOTA_ABILITY_BEHAVIOR_NO_TARGET|DOTA_ABILITY_BEHAVIOR_SHOW_IN_GUIDES,0,DAMAGE_TYPE_MAGICAL,,,,,,,,,,,,,,
largo,9,largo_song_double_time,DOTA_ABILITY_BEHAVIOR_HIDDEN|DOTA_ABILITY_BEHAVIOR_IMMEDIATE|DOTA_ABILITY_BEHAVIOR_NOT_LEARNABLE|DOTA_ABILITY_BEHAVIOR_NO_TARGET|DOTA_ABILITY_BEHAVIOR_SHOW_IN_GUIDES,0,,,,,,,,,,,,,,,
largo,10,largo_song_good_vibrations,DOTA_ABILITY_BEHAVIOR_HIDDEN|DOTA_ABILITY_BEHAVIOR_IMMEDIATE|DOTA_ABILITY_BEHAVIOR_NOT_LEARNABLE|DOTA_ABILITY_BEHAVIOR_NO_TARGET|DOTA_ABILITY_BEHAVIOR_SHOW_IN_GUIDES,0,,,,,,,,,,,,,,,
largo,15,special_bonus_unique_largo_1,,,,,,,,,,,,,,,,,
largo,16,special_bonus_unique_largo_2,,,,,,,,,,,,,,,,,
largo,17,special_bonus_unique_largo_3,,,,,,,,,,,,,,,,,
legion_commander,1,legion_commander_overwhelming_odds,DOTA_ABILITY_BEHAVIOR_AOE|DOTA_ABILITY_BEHAVIOR_IGNORE_BACKSWING|DOTA_ABILITY_BEHAVIOR_NO_TARGET,0.3 0.3 0.3 0.3,DAMAGE_TYPE_MAGICAL,,,,,,,,,,,,,,
legion_commander,2,legion_commander_press_the_attack,DOTA_ABILITY_BEHAVIOR_UNIT_TARGET,0.2,,,,,,,,,,,,,,,
legion_commander,3,legion_commander_moment_of_courage,DOTA_ABILITY_BEHAVIOR_PASSIVE,0,,,,,,,,,,,,,,,
legion_commander,4,legion_commander_outfight_them,DOTA_ABILITY_BEHAVIOR_FORCE_NO_INNATE_UI|DOTA_ABILITY_BEHAVIOR_HIDDEN|DOTA_ABILITY_BEHAVIOR_NOT_LEARNABLE|DOTA_ABILITY_BEHAVIOR_PASSIVE,0,,,,,,,,,,,,,,,
legion_commander,6,legion_commander_duel,DOTA_ABILITY_BEHAVIOR_UNIT_TARGET,0.3 0.3 0.3 0.3,,,,,,,1,,,1,1,1,,,
legion_commander,10,special_bonus_unique_legion_commander_9,,,,,,,,,,,,,,,,,
legion_commander,11,special_bonus_unique_legion_commander_outfight_them_armor,,,,,,,,,,,,,,,,,
legion_commander,12,special_bonus_unique_legion_commander_6,,,,,,,,,,,,,,,,,
legion_commander,13,special_bonus_unique_legion_commander_4,,,,,,,,,,,,,,,,,
legion_commander,14,special_bonus_unique_legion_commander_duel_duration,,,,,,,,,,,,,,,,,
legion_commander,15,special_bonus_unique_legion_commander_3,,,,,,,,,,,,,,,,,
legion_commander,16,special_bonus_unique_legion_commander_7,,,,,,,,,,,,,,,,,
legion_commander,17,special_bonus_unique_legion_commander_duel_refresh_on_victory,,,,,,,,,,,,,,,,,
leshrac,1,leshrac_split_earth,DOTA_ABILITY_BEHAVIOR_AOE|DOTA_ABILITY_BEHAVIOR_POINT,0.7 0.7 0.7 0.7,DAMAGE_TYPE_MAGICAL,,,1,hard_disable,,1,,1,1,1,1,,,
leshrac,2,leshrac_diabolic_edict,DOTA_ABILITY_BEHAVIOR_NO_TARGET,0.5,DAMAGE_TYPE_PURE,,,,,,,,,,,,,,
leshrac,3,leshrac_lightning_storm,DOTA_ABILITY_BEHAVIOR_UNIT_TARGET,0.3,DAMAGE_TYPE_MAGICAL,,,,,,,,,,,,,,
leshrac,4,leshrac_greater_lightning_storm,DOTA_ABILITY_BEHAVIOR_HIDDEN|DOTA_ABILITY_BEHAVIOR_IMMEDIATE|DOTA_ABILITY_BEHAVIOR_NO_TARGET|DOTA_ABILITY_BEHAVIOR_SHOW_IN_GUIDES,0,,,1,,,,,,,,,,,,
leshrac,5,leshrac_defilement,DOTA_ABILITY_BEHAVIOR_PASSIVE,0,,,,,,,,,,,,,,,
leshrac,6,leshrac_pulse_nova,DOTA_ABILITY_BEHAVIOR_IGNORE_CHANNEL|DOTA_ABILITY_BEHAVIOR_NO_TARGET|DOTA_ABILITY_BEHAVIOR_TOGGLE,0 0 0 0,DAMAGE_TYPE_MAGICAL,,,,,,,,,,,,,,
leshrac,10,special_bonus_mp_regen_150,DOTA_ABILITY_BEHAVIOR_PASSIVE,0,,,,,,,,,,,,,,,
leshrac,11,special_bonus_armor_4,DOTA_ABILITY_BEHAVIOR_PASSIVE,0,,,,,,,,,,,,,,,
leshrac,12,special_bonus_unique_leshrac_6,,,,,,,,,,,,,,,,,
leshrac,13,special_bonus_unique_leshrac_4,,,,,,,,,,,,,,,,,
leshrac,14,special_bonus_unique_leshrac_7,,,,,,,,,,,,,,,,,
leshrac,15,special_bonus_unique_leshrac_3,,,,,,,,,,,,,,,,,
leshrac,16,special_bonus_unique_leshrac_1,,,,,,,,,,,,,,,,,
leshrac,17,special_bonus_unique_leshrac_pulse_nova_lightning,,,,,,,,,,,,,,,,,
lich,1,lich_frost_nova,DOTA_ABILITY_BEHAVIOR_AOE|DOTA_ABILITY_BEHAVIOR_UNIT_TARGET,0.3,DAMAGE_TYPE_MAGICAL,,,,,,,,,,,,,,
lich,2,lich_frost_shield,DOTA_ABILITY_BEHAVIOR_DONT_RESUME_ATTACK|DOTA_ABILITY_BEHAVIOR_UNIT_TARGET,0.2,DAMAGE_TYPE_MAGICAL,,,,,,,,,,,,,,
lich,3,lich_sinister_gaze,DOTA_ABILITY_BEHAVIOR_CHANNELLED|DOTA_ABILITY_BEHAVIOR_UNIT_TARGET,0,,,,1,channel_start,1,1,,1,1,1,1,,,
lich,4,lich_ice_spire,DOTA_ABILITY_BEHAVIOR_AOE|DOTA_ABILITY_BEHAVIOR_HIDDEN|DOTA_ABILITY_BEHAVIOR_IGNORE_BACKSWING|DOTA_ABILITY_BEHAVIOR_POINT|DOTA_ABILITY_BEHAVIOR_SHOW_IN_GUIDES,0.3,,1,,,,,,,,,,,,,
lich,5,lich_death_charge,DOTA_ABILITY_BEHAVIOR_NOT_LEARNABLE|DOTA_ABILITY_BEHAVIOR_UNIT_TARGET,0.4,,,,,,,,,,,,,,,
lich,6,lich_chain_frost,DOTA_ABILITY_BEHAVIOR_UNIT_TARGET,0.3,DAMAGE_TYPE_MAGICAL,,,1,ult_burst,,1,,1,1,1,1,,,
lich,10,special_bonus_unique_lich_8,,,,,,,,,,,,,,,,,
lich,11,special_bonus_unique_lich_6,,,,,,,,,,,,,,,,,
lich,12,special_bonus_unique_lich_2,,,,,,,,,,,,,,,,,
lich,13,special_bonus_unique_lich_3,,,,,,,,,,,,,,,,,
lich,14,special_bonus_unique_lich_4,,,,,,,,,,,,,,,,,
lich,15,special_bonus_unique_lich_7,,,,,,,,,,,,,,,,,
lich,16,special_bonus_unique_lich_1,,,,,,,,,,,,,,,,,
lich,17,special_bonus_unique_lich_5,,,,,,,,,,,,,,,,,
life_stealer,1,life_stealer_rage,DOTA_ABILITY_BEHAVIOR_IMMEDIATE|DOTA_ABILITY_BEHAVIOR_NO_TARGET,0,,,,,,,,,,,,,,,
life_stealer,2,life_stealer_open_wounds,DOTA_ABILITY_BEHAVIOR_UNIT_TARGET,0.2,,,,1,hard_disable,,1,,1,1,1,1,,,
life_stealer,3,life_stealer_feast,DOTA_ABILITY_BEHAVIOR_PASSIVE,0,DAMAGE_TYPE_PHYSICAL,,,,,,,,,,,,,,
life_stealer,4,life_stealer_ghoul_frenzy,DOTA_ABILITY_BEHAVIOR_FORCE_NO_INNATE_UI|DOTA_ABILITY_BEHAVIOR_HIDDEN|DOTA_ABILITY_BEHAVIOR_NOT_LEARNABLE|DOTA_ABILITY_BEHAVIOR_PASSIVE,0,,,,,,,,,,,,,,,
life_stealer,6,life_stealer_infest,DOTA_ABILITY_BEHAVIOR_DONT_RESUME_ATTACK|DOTA_ABILITY_BEHAVIOR_UNIT_TARGET,0.2,DAMAGE_TYPE_MAGICAL,,,,,,,,,,,,,,
life_stealer,7,life_stealer_consume,DOTA_ABILITY_BEHAVIOR_HIDDEN|DOTA_ABILITY_BEHAVIOR_IMMEDIATE|DOTA_ABILITY_BEHAVIOR_NO_TARGET|DOTA_ABILITY_BEHAVIOR_UNRESTRICTED,0,,,,,,,,,,,,,,,
life_stealer,10,special_bonus_all_stats_4,DOTA_ABILITY_BEHAVIOR_PASSIVE,0,,,,,,,,,,,,,,,
life_stealer,11,special_bonus_movement_speed_20,DOTA_ABILITY_BEHAVIOR_PASSIVE,0,,,,,,,,,,,,,,,
life_stealer,12,special_bonus_unique_lifestealer_infest_damage,,,,,,,,,,,,,,,,,
life_stealer,13,special_bonus_unique_lifestealer_4,,,,,,,,,,,,,,,,,
life_stealer,14,special_bonus_unique_lifestealer_infest_target_bonus,,,,,,,,,,,,,,,,,
life_stealer,15,special_bonus_unique_lifestealer_6,,,,,,,,,,,,,,,,,
life_stealer,16,special_bonus_unique_lifestealer_3,,,,,,,,,,,,,,,,,
life_stealer,17,special_bonus_unique_lifestealer,,,,,,,,,,,,,,,,,
lina,1,lina_dragon_slave,DOTA_ABILITY_BEHAVIOR_POINT|DOTA_ABILITY_BEHAVIOR_UNIT_TARGET,0.35,DAMAGE_TYPE_MAGICAL,,,,,,,,,,,,,,
lina,2,lina_light_strike_array,DOTA_ABILITY_BEHAVIOR_AOE|DOTA_ABILITY_BEHAVIOR_POINT,0.45 0.45 0.45 0.45,DAMAGE_TYPE_MAGICAL,,,1,hard_disable,,,,1,1,1,1,,,
lina,3,lina_fiery_soul,DOTA_ABILITY_BEHAVIOR_PASSIVE,0,,,,,,,,,,,,,,,
lina,4,lina_flame_cloak,DOTA_ABILITY_BEHAVIOR_IMMEDIATE|DOTA_ABILITY_BEHAVIOR_NO_TARGET,0,,,1,,,,,,,,,,,,
lina,5,lina_slow_burn,DOTA_ABILITY_BEHAVIOR_INNATE_UI|DOTA_ABILITY_BEHAVIOR_NOT_LEARNABLE|DOTA_ABILITY_BEHAVIOR_PASSIVE|DOTA_ABILITY_BEHAVIOR_SKIP_FOR_KEYBINDS,0,DAMAGE_TYPE_MAGICAL,,,,,,,,,,,,,,
lina,6,lina_laguna_blade,DOTA_ABILITY_BEHAVIOR_UNIT_TARGET,0.3,DAMAGE_TYPE_MAGICAL,,,1,ult_burst,,,,1,1,1,1,1,,
lina,10,special_bonus_attack_damage_25,DOTA_ABILITY_BEHAVIOR_PASSIVE,0,,,,,,,,,,,,,,,
lina,11,special_bonus_unique_lina_1,DOTA_ABILITY_BEHAVIOR_PASSIVE,0,,,,,,,,,,,,,,,
lina,12,special_bonus_unique_lina_4,DOTA_ABILITY_BEHAVIOR_PASSIVE,0,,,,,,,,,,,,,,,
lina,13,special_bonus_unique_lina_3,DOTA_ABILITY_BEHAVIOR_PASSIVE,0,,,,,,,,,,,,,,,
lina,14,special_bonus_unique_lina_6,DOTA_ABILITY_BEHAVIOR_PASSIVE,0,,,,,,,,,,,,,,,
lina,15,special_bonus_unique_lina_2,DOTA_ABILITY_BEHAVIOR_PASSIVE,0,,,,,,,,,,,,,,,
lina,16,special_bonus_unique_lina_7,DOTA_ABILITY_BEHAVIOR_PASSIVE,0,,,,,,,,,,,,,,,
lina,17,special_bonus_unique_lina_crit_debuff,DOTA_ABILITY_BEHAVIOR_PASSIVE,0,,,,,,,,,,,,,,,
lion,1,lion_impale,DOTA_ABILITY_BEHAVIOR_IGNORE_BACKSWING|DOTA_ABILITY_BEHAVIOR_POINT|DOTA_ABILITY_BEHAVIOR_UNIT_TARGET,0.3 0.3 0.3 0.3,DAMAGE_TYPE_MAGICAL,,,1,hard_disable,,,,1,,,,,,
lion,2,lion_voodoo,DOTA_ABILITY_BEHAVIOR_UNIT_TARGET,0 0 0 0,,,,1,hard_disable,,1,,1,1,1,1,,,
lion,3,lion_mana_drain,DOTA_ABILITY_BEHAVIOR_CHANNELLED|DOTA_ABILITY_BEHAVIOR_IGNORE_BACKSWING|DOTA_ABILITY_BEHAVIOR_UNIT_TARGET,0.3 0.3 0.3 0.3,,,,1,channel_start,,1,,1,1,1,1,,,1
lion,4,lion_to_hell_and_back,DOTA_ABILITY_BEHAVIOR_PASSIVE|DOTA_ABILITY_BEHAVIOR_SKIP_FOR_KEYBINDS,0,,,,,,,,,,,,,,,
lion,6,lion_finger_of_death,DOTA_ABILITY_BEHAVIOR_ALT_CASTABLE|DOTA_ABILITY_BEHAVIOR_AOE|DOTA_ABILITY_BEHAVIOR_UNIT_TARGET,0.3 0.3 0.3,DAMAGE_TYPE_MAGICAL,,,1,ult_burst,,,,1,1,1,1,1,,
lion,10,special_bonus_unique_lion_6,,,,,,,,,,,,,,,,,
lion,11,special_bonus_movement_speed_20,DOTA_ABILITY_BEHAVIOR_PASSIVE,0,,,,,,,,,,,,,,,
lion,12,special_bonus_unique_lion_5,,,,,,,,,,,,,,,,,
lion,13,special_bonus_unique_lion_11,,,,,,,,,,,,,,,,,
lion,14,special_bonus_unique_lion_8,,,,,,,,,,,,,,,,,
lion,15,special_bonus_unique_lion_10,,,,,,,,,,,,,,,,,
lion,16,special_bonus_unique_lion_4,,,,,,,,,,,,,,,,,
lion,17,special_bonus_unique_lion_2,,,,,,,,,,,,,,,,,
lone_druid,1,lone_druid_entangle,DOTA_ABILITY_BEHAVIOR_AOE|DOTA_ABILITY_BEHAVIOR_POINT,0.3,DAMAGE_TYPE_MAGICAL,,,,,,,,,,,,,,
lone_druid,2,lone_druid_spirit_link,DOTA_ABILITY_BEHAVIOR_PASSIVE,0,,,,,,,,,,,,,,,
lone_druid,3,lone_druid_savage_roar,DOTA_ABILITY_BEHAVIOR_NO_TARGET,0.1,,,,,,,,,,,,,,,
lone_druid,4,lone_druid_spirit_bear,DOTA_ABILITY_BEHAVIOR_NO_TARGET,0.5,,,,,,,,,,,,,,,
lone_druid,6,lone_druid_true_form,DOTA_ABILITY_BEHAVIOR_NO_TARGET,0 0 0,,,,,,,,,,,,,,,
lone_druid,10,special_bonus_unique_lone_druid_2,DOTA_ABILITY_BEHAVIOR_PASSIVE,0,,,,,,,,,,,,,,,
lone_druid,11,special_bonus_unique_lone_druid_1,,,,,,,,,,,,,,,,,
lone_druid,12,special_bonus_unique_lone_druid_4,DOTA_ABILITY_BEHAVIOR_PASSIVE,0,,,,,,,,,,,,,,,
lone_druid,13,special_bonus_agility_12,DOTA_ABILITY_BEHAVIOR_PASSIVE,0,,,,,,,,,,,,,,,
lone_druid,14,special_bonus_unique_lone_druid_savage_roar_aoe,DOTA_ABILITY_BEHAVIOR_PASSIVE,0,,,,,,,,,,,,,,,
lone_druid,15,special_bonus_attack_speed_55,DOTA_ABILITY_BEHAVIOR_PASSIVE,0,,,,,,,,,,,,,,,
lone_druid,16,special_bonus_unique_lone_druid_8,DOTA_ABILITY_BEHAVIOR_PASSIVE,0,,,,,,,,,,,,,,,
lone_druid,17,special_bonus_unique_lone_druid_entangle_duration,,,,,,,,,,,,,,,,,
luna,1,luna_lucent_beam,DOTA_ABILITY_BEHAVIOR_UNIT_TARGET,0.4,DAMAGE_TYPE_MAGICAL,,,,,,,,,,,,,,
luna,2,luna_lunar_orbit,DOTA_ABILITY_BEHAVIOR_DONT_CANCEL_MOVEMENT|DOTA_ABILITY_BEHAVIOR_IMMEDIATE|DOTA_ABILITY_BEHAVIOR_NO_TARGET,0,DAMAGE_TYPE_PHYSICAL,,,,,,,,,,,,,,
luna,3,luna_moon_glaive,DOTA_ABILITY_BEHAVIOR_PASSIVE,0,,,,,,,,,,,,,,,
luna,4,luna_lunar_blessing,DOTA_ABILITY_BEHAVIOR_AURA|DOTA_ABILITY_BEHAVIOR_FORCE_NO_INNATE_UI|DOTA_ABILITY_BEHAVIOR_HIDDEN|DOTA_ABILITY_BEHAVIOR_PASSIVE|DOTA_ABILITY_BEHAVIOR_SKIP_FOR_KEYBINDS,0,,,,,,,,,,,,,,,
luna,6,luna_eclipse,DOTA_ABILITY_BEHAVIOR_NO_TARGET,0.5,DAMAGE_TYPE_MAGICAL,,,,,,,,,,,,,,
luna,10,special_bonus_unique_luna_7,,,,,,,,,,,,,,,,,
luna,11,special_bonus_unique_luna_4,,,,,,,,,,,,,,,,,
luna,12,special_bonus_unique_luna_lunar_orbit_glaive_count,,,,,,,,,,,,,,,,,
luna,13,special_bonus_unique_luna_1,,,,,,,,,,,,,,,,,
luna,14,special_bonus_unique_luna_6,,,,,,,,,,,,,,,,,
luna,15,special_bonus_unique_luna_lunar_orbit_speed_damage,,,,,,,,,,,,,,,,,
luna,16,special_bonus_unique_luna_3,,,,,,,,,,,,,,,,,
luna,17,special_bonus_unique_luna_5,,,,,,,,,,,,,,,,,
lycan,1,lycan_summon_wolves,DOTA_ABILITY_BEHAVIOR_NO_TARGET,0.3 0.3 0.3 0.3,,,,,,,,,,,,,,,
lycan,2,lycan_howl,DOTA_ABILITY_BEHAVIOR_IGNORE_BACKSWING|DOTA_ABILITY_BEHAVIOR_NO_TARGET,0.3 0.3 0.3 0.3,,,,,,,,,,,,,,,
lycan,3,lycan_feral_impulse,DOTA_ABILITY_BEHAVIOR_PASSIVE,0,,,,,,,,,,,,,,,
lycan,4,lycan_wolf_bite,DOTA_ABILITY_BEHAVIOR_HIDDEN|DOTA_ABILITY_BEHAVIOR_NOT_LEARNABLE|DOTA_ABILITY_BEHAVIOR_SHOW_IN_GUIDES|DOTA_ABILITY_BEHAVIOR_UNIT_TARGET,0.3 0.3 0.3 0.3,,,1,,,,,,,,,,,,
lycan,5,lycan_apex_predator,DOTA_ABILITY_BEHAVIOR_PASSIVE|DOTA_ABILITY_BEHAVIOR_SKIP_FOR_KEYBINDS,0,,,,,,,,,,,,,,,
lycan,6,lycan_shapeshift,DOTA_ABILITY_BEHAVIOR_NO_TARGET,0,,,,,,,,,,,,,,,
lycan,10,special_bonus_unique_lycan_howl_armor,,,,,,,,,,,,,,,,,
lycan,11,special_bonus_unique_lycan_3,,,,,,,,,,,,,,,,,
lycan,12,special_bonus_unique_lycan_7,,,,,,,,,,,,,,,,,
lycan,13,special_bonus_unique_lycan_8,,,,,,,,,,,,,,,,,
lycan,14,special_bonus_unique_lycan_1,,,,,,,,,,,,,,,,,
lycan,15,special_bonus_unique_lycan_4,,,,,,,,,,,,,,,,,
lycan,16,special_bonus_unique_lycan_5,,,,,,,,,,,,,,,,,
lycan,17,special_bonus_unique_lycan_2,,,,,,,,,,,,,,,,,
magnataur,1,magnataur_shockwave,DOTA_ABILITY_BEHAVIOR_POINT|DOTA_ABILITY_BEHAVIOR_UNIT_TARGET,0.3 0.3 0.3 0.3,DAMAGE_TYPE_MAGICAL,,,,,,,,,,,,,,
magnataur,2,magnataur_empower,DOTA_ABILITY_BEHAVIOR_DONT_RESUME_ATTACK|DOTA_ABILITY_BEHAVIOR_UNIT_TARGET,0.3 0.3 0.3 0.3,,,,,,,,,,,,,,,
magnataur,3,magnataur_skewer,DOTA_ABILITY_BEHAVIOR_POINT|DOTA_ABILITY_BEHAVIOR_ROOT_DISABLES,0.3 0.3 0.3 0.3,DAMAGE_TYPE_MAGICAL,,,1,hard_disable,,1,,1,1,1,1,,,
magnataur,4,magnataur_horn_toss,DOTA_ABILITY_BEHAVIOR_HIDDEN|DOTA_ABILITY_BEHAVIOR_NO_TARGET|DOTA_ABILITY_BEHAVIOR_SHOW_IN_GUIDES,0.2,DAMAGE_TYPE_MAGICAL,,1,,,,,,,,,,,,
magnataur,5,magnataur_solid_core,DOTA_ABILITY_BEHAVIOR_FORCE_NO_INNATE_UI|DOTA_ABILITY_BEHAVIOR_HIDDEN|DOTA_ABILITY_BEHAVIOR_PASSIVE,0,DAMAGE_TYPE_NONE,,,,,,,,,,,,,,
magnataur,6,magnataur_reverse_polarity,DOTA_ABILITY_BEHAVIOR_NO_TARGET,0.3 0.3 0.3,DAMAGE_TYPE_MAGICAL,,,1,hard_disable,,1,,1,1,1,1,,,
magnataur,10,special_bonus_mp_regen_150,DOTA_ABILITY_BEHAVIOR_PASSIVE,0,,,,,,,,,,,,,,,
magnataur,11,special_bonus_unique_magnus_6,,,,,,,,,,,,,,,,,
magnataur,12,special_bonus_unique_magnus_reverse_polarity_stats,,,,,,,,,,,,,,,,,
magnataur,13,special_bonus_unique_magnus_7,,,,,,,,,,,,,,,,,
magnataur,14,special_bonus_unique_magnus,,,,,,,,,,,,,,,,,
magnataur,15,special_bonus_unique_magnus_skewer_damage_distance,,,,,,,,,,,,,,,,,
magnataur,16,special_bonus_unique_magnus_2,,,,,,,,,,,,,,,,,
magnataur,17,special_bonus_unique_magnus_5,,,,,,,,,,,,,,,,,
marci,1,marci_grapple,DOTA_ABILITY_BEHAVIOR_UNIT_TARGET,0.2,DAMAGE_TYPE_MAGICAL,,,1,gap_close,1,1,,1,1,1,1,,,
marci,2,marci_companion_run,DOTA_ABILITY_BEHAVIOR_DONT_RESUME_MOVEMENT|DOTA_ABILITY_BEHAVIOR_ROOT_DISABLES|DOTA_ABILITY_BEHAVIOR_UNIT_TARGET|DOTA_ABILITY_BEHAVIOR_VECTOR_TARGETING,0.1,DAMAGE_TYPE_MAGICAL,,,,,,,,,,,,,,
marci,3,marci_bodyguard,DOTA_ABILITY_BEHAVIOR_UNIT_TARGET,0.2,DAMAGE_TYPE_PHYSICAL,,,,,,,,,,,,,,
marci,4,marci_special_delivery,DOTA_ABILITY_BEHAVIOR_NOT_LEARNABLE|DOTA_ABILITY_BEHAVIOR_NO_TARGET|DOTA_ABILITY_BEHAVIOR_SHOW_IN_GUIDES,1,,,,,,,,,,,,,,,
marci,6,marci_unleash,DOTA_ABILITY_BEHAVIOR_NO_TARGET,0.2,DAMAGE_TYPE_MAGICAL,,,,,,,,,,,,,,
marci,10,special_bonus_unique_marci_dispose_slow,DOTA_ABILITY_BEHAVIOR_PASSIVE,0,,,,,,,,,,,,,,,
marci,11,special_bonus_unique_marci_rebound_radius,DOTA_ABILITY_BEHAVIOR_PASSIVE,0,,,,,,,,,,,,,,,
marci,12,special_bonus_unique_marci_grapple_damage,DOTA_ABILITY_BEHAVIOR_PASSIVE,0,,,,,,,,,,,,,,,
marci,13,special_bonus_unique_marci_guardian_damage,DOTA_ABILITY_BEHAVIOR_PASSIVE,0,,,,,,,,,,,,,,,
marci,14,special_bonus_unique_marci_grapple_stun_duration,DOTA_ABILITY_BEHAVIOR_PASSIVE,0,,,,,,,,,,,,,,,
marci,15,special_bonus_unique_marci_unleash_speed,DOTA_ABILITY_BEHAVIOR_PASSIVE,0,,,,,,,,,,,,,,,
marci,16,special_bonus_unique_marci_unleash_extend_duration,DOTA_ABILITY_BEHAVIOR_PASSIVE,0,,,,,,,,,,,,,,,
marci,17,special_bonus_unique_marci_guardian_strong_dispel,,,,,,,,,,,,,,,,,
mars,1,mars_spear,DOTA_ABILITY_BEHAVIOR_DIRECTIONAL|DOTA_ABILITY_BEHAVIOR_POINT,0.25,DAMAGE_TYPE_MAGICAL,,,1,hard_disable,,1,,1,1,1,1,,,
mars,2,mars_gods_rebuke,DOTA_ABILITY_BEHAVIOR_NORMAL_WHEN_STOLEN|DOTA_ABILITY_BEHAVIOR_POINT,0.2,DAMAGE_TYPE_PHYSICAL,,,1,hard_disable,,1,,1,1,1,1,,,
mars,3,mars_bulwark,DOTA_ABILITY_BEHAVIOR_IGNORE_BACKSWING|DOTA_ABILITY_BEHAVIOR_IMMEDIATE|DOTA_ABILITY_BEHAVIOR_POINT,0,,,,,,,,,,,,,,,
mars,4,mars_dauntless,DOTA_ABILITY_BEHAVIOR_NOT_LEARNABLE|DOTA_ABILITY_BEHAVIOR_PASSIVE,0,,,,,,,,,,,,,,,
mars,6,mars_arena_of_blood,DOTA_ABILITY_BEHAVIOR_AOE|DOTA_ABILITY_BEHAVIOR_POINT,0.2,DAMAGE_TYPE_MAGICAL,,,1,hard_disable,,1,,1,1,1,1,,,
mars,10,special_bonus_unique_mars_rebuke_radius,,,,,,,,,,,,,,,,,
mars,11,special_bonus_mp_regen_150,DOTA_ABILITY_BEHAVIOR_PASSIVE,0,,,,,,,,,,,,,,,
mars,12,special_bonus_unique_mars_rebuke_cooldown,,,,,,,,,,,,,,,,,
mars,13,special_bonus_unique_mars_spear_bonus_damage,,,,,,,,,,,,,,,,,
mars,14,special_bonus_unique_mars_arena_of_blood_damage,,,,,,,,,,,,,,,,,
mars,15,special_bonus_unique_mars_spear_stun_duration,,,,,,,,,,,,,,,,,
mars,16,special_bonus_unique_mars_gods_rebuke_extra_crit,,,,,,,,,,,,,,,,,
mars,17,special_bonus_unique_mars_arena_of_blood_hp_regen,,,,,,,,,,,,,,,,,
medusa,1,medusa_split_shot,DOTA_ABILITY_BEHAVIOR_IMMEDIATE|DOTA_ABILITY_BEHAVIOR_NO_TARGET|DOTA_ABILITY_BEHAVIOR_TOGGLE,0.4 0.4 0.4 0.4,,,,,,,,,,,,,,,
medusa,2,medusa_mystic_snake,DOTA_ABILITY_BEHAVIOR_UNIT_TARGET,0,DAMAGE_TYPE_MAGICAL,,,,,,,,,,,,,,
medusa,3,medusa_gorgon_grasp,DOTA_ABILITY_BEHAVIOR_AOE|DOTA_ABILITY_BEHAVIOR_POINT,0.4,DAMAGE_TYPE_PHYSICAL,,,,,,,,,,,,,,
medusa,4,medusa_cold_blooded,DOTA_ABILITY_BEHAVIOR_HIDDEN|DOTA_ABILITY_BEHAVIOR_PASSIVE|DOTA_ABILITY_BEHAVIOR_SHOW_IN_GUIDES,0,DAMAGE_TYPE_MAGICAL,1,,,,,,,,,,,,,
medusa,5,medusa_mana_shield,DOTA_ABILITY_BEHAVIOR_FORCE_NO_INNATE_UI|DOTA_ABILITY_BEHAVIOR_HIDDEN|DOTA_ABILITY_BEHAVIOR_PASSIVE,0,,,,,,,,,,,,,,,
medusa,6,medusa_stone_gaze,DOTA_ABILITY_BEHAVIOR_NO_TARGET,0.4,,,,,,,,,,,,,,,
medusa,10,special_bonus_unique_medusa_gorgons_grasp_radius,,,,,,,,,,,,,,,,,
medusa,11,special_bonus_unique_medusa_8,,,,,,,,,,,,,,,,,
medusa,12,special_bonus_unique_medusa_gorgons_grasp_volleys,,,,,,,,,,,,,,,,,
medusa,13,special_bonus_unique_medusa_5,,,,,,,,,,,,,,,,,
medusa,14,special_bonus_unique_medusa_snake_damage,,,,,,,,,,,,,,,,,
medusa,15,special_bonus_unique_medusa_2,,,,,,,,,,,,,,,,,
medusa,16,special_bonus_unique_medusa,,,,,,,,,,,,,,,,,
medusa,17,special_bonus_intelligence_40,DOTA_ABILITY_BEHAVIOR_PASSIVE,0,,,,,,,,,,,,,,,
meepo,1,meepo_earthbind,DOTA_ABILITY_BEHAVIOR_AOE|DOTA_ABILITY_BEHAVIOR_IGNORE_BACKSWING|DOTA_ABILITY_BEHAVIOR_POINT,0.3,,,,,,,,,,,,,,,
meepo,2,meepo_poof,DOTA_ABILITY_BEHAVIOR_ALT_CASTABLE|DOTA_ABILITY_BEHAVIOR_IGNORE_BACKSWING|DOTA_ABILITY_BEHAVIOR_NORMAL_WHEN_STOLEN|DOTA_ABILITY_BEHAVIOR_POINT|DOTA_ABILITY_BEHAVIOR_ROOT_DISABLES|DOTA_ABILITY_BEHAVIOR_UNIT_TARGET,1.5,DAMAGE_TYPE_MAGICAL,,,,,,,,,,,,,,
meepo,3,meepo_ransack,DOTA_ABILITY_BEHAVIOR_PASSIVE,0,DAMAGE_TYPE_PURE,,,,,,,,,,,,,,
meepo,4,meepo_petrify,DOTA_ABILITY_BEHAVIOR_HIDDEN|DOTA_ABILITY_BEHAVIOR_NO_TARGET|DOTA_ABILITY_BEHAVIOR_ROOT_DISABLES|DOTA_ABILITY_BEHAVIOR_SHOW_IN_GUIDES,0.3,,1,,,,,,,,,,,,,
meepo,5,meepo_megameepo,DOTA_ABILITY_BEHAVIOR_IMMEDIATE|DOTA_ABILITY_BEHAVIOR_NOT_LEARNABLE|DOTA_ABILITY_BEHAVIOR_NO_TARGET|DOTA_ABILITY_BEHAVIOR_SHOW_IN_GUIDES,0,,,1,,,,,,,,,,,,
meepo,6,meepo_divided_we_stand,DOTA_ABILITY_BEHAVIOR_PASSIVE,0,,,,,,,,,,,,,,,
meepo,7,meepo_geomancy,DOTA_ABILITY_BEHAVIOR_HIDDEN|DOTA_ABILITY_BEHAVIOR_PASSIVE,0,,,,,,,,,,,,,,,
meepo,8,meepo_megameepo_fling,DOTA_ABILITY_BEHAVIOR_HIDDEN|DOTA_ABILITY_BEHAVIOR_NOT_LEARNABLE|DOTA_ABILITY_BEHAVIOR_SHOW_IN_GUIDES|DOTA_ABILITY_BEHAVIOR_UNIT_TARGET,0.2 0.2 0.2 0.2,DAMAGE_TYPE_MAGICAL,,1,,,,,,,,,,,,
meepo,10,special_bonus_strength_7,DOTA_ABILITY_BEHAVIOR_PASSIVE,0,,,,,,,,,,,,,,,
meepo,11,special_bonus_unique_meepo_2,,,,,,,,,,,,,,,,,
meepo,12,special_bonus_evasion_15,DOTA_ABILITY_BEHAVIOR_PASSIVE,0,,,,,,,,,,,,,,,
meepo,13,special_bonus_unique_meepo_3,,,,,,,,,,,,,,,,,
meepo,14,special_bonus_unique_meepo_4,,,,,,,,,,,,,,,,,
meepo,15,special_bonus_unique_meepo_6,,,,,,,,,,,,,,,,,
meepo,16,special_bonus_hp_400,DOTA_ABILITY_BEHAVIOR_PASSIVE,0,,,,,,,,,,,,,,,
meepo,17,special_bonus_unique_meepo_poof_cast_point,,,,,,,,,,,,,,,,,
mirana,1,mirana_starfall,DOTA_ABILITY_BEHAVIOR_IGNORE_BACKSWING|DOTA_ABILITY_BEHAVIOR_NO_TARGET,0.4,DAMAGE_TYPE_MAGICAL,,,,,,,,,,,,,,
mirana,2,mirana_arrow,DOTA_ABILITY_BEHAVIOR_DIRECTIONAL|DOTA_ABILITY_BEHAVIOR_IGNORE_BACKSWING|DOTA_ABILITY_BEHAVIOR_POINT,0.5 0.5 0.5 0.5,DAMAGE_TYPE_MAGICAL,,,1,hard_disable,,,,1,1,1,1,,,
mirana,3,mirana_leap,DOTA_ABILITY_BEHAVIOR_IGNORE_BACKSWING|DOTA_ABILITY_BEHAVIOR_NO_TARGET|DOTA_ABILITY_BEHAVIOR_ROOT_DISABLES,0,,,,,,,,,,,,,,,
mirana,4,mirana_celestial_quiver,DOTA_ABILITY_BEHAVIOR_ATTACK|DOTA_ABILITY_BEHAVIOR_AUTOCAST|DOTA_ABILITY_BEHAVIOR_FORCE_NO_INNATE_UI|DOTA_ABILITY_BEHAVIOR_UNIT_TARGET,0,DAMAGE_TYPE_MAGICAL,,,,,,,,,,,,,,
mirana,6,mirana_invis,DOTA_ABILITY_BEHAVIOR_DONT_RESUME_ATTACK|DOTA_ABILITY_BEHAVIOR_IGNORE_BACKSWING|DOTA_ABILITY_BEHAVIOR_NO_TARGET,0.5 0.5 0.5,,,,,,,,,,,,,,,
mirana,10,special_bonus_unique_mirana_3,DOTA_ABILITY_BEHAVIOR_PASSIVE,0,,,,,,,,,,,,,,,
mirana,11,special_bonus_unique_mirana_6,DOTA_ABILITY_BEHAVIOR_PASSIVE,0,,,,,,,,,,,,,,,
mirana,12,special_bonus_unique_mirana_5,DOTA_ABILITY_BEHAVIOR_PASSIVE,0,,,,,,,,,,,,,,,
mirana,13,special_bonus_unique_mirana_1,DOTA_ABILITY_BEHAVIOR_PASSIVE,0,,,,,,,,,,,,,,,
mirana,14,special_bonus_unique_mirana_7,DOTA_ABILITY_BEHAVIOR_PASSIVE,0,,,,,,,,,,,,,,,
mirana,15,special_bonus_unique_mirana_quiver_damage,,,,,,,,,,,,,,,,,
mirana,16,special_bonus_unique_mirana_2,DOTA_ABILITY_BEHAVIOR_PASSIVE,0,,,,,,,,,,,,,,,
mirana,17,special_bonus_unique_mirana_4,DOTA_ABILITY_BEHAVIOR_PASSIVE,0,,,,,,,,,,,,,,,
monkey_king,1,monkey_king_boundless_strike,DOTA_ABILITY_BEHAVIOR_NORMAL_WHEN_STOLEN|DOTA_ABILITY_BEHAVIOR_POINT,0.4,DAMAGE_TYPE_PHYSICAL,,,,,,,,,,,,,,
monkey_king,2,monkey_king_tree_dance,DOTA_ABILITY_BEHAVIOR_ROOT_DISABLES|DOTA_ABILITY_BEHAVIOR_UNIT_TARGET,0.2,,,,,,,,,,,,,,,
monkey_king,3,monkey_king_primal_spring,DOTA_ABILITY_BEHAVIOR_AOE|DOTA_ABILITY_BEHAVIOR_CHANNELLED|DOTA_ABILITY_BEHAVIOR_NOT_LEARNABLE|DOTA_ABILITY_BEHAVIOR_OVERSHOOT|DOTA_ABILITY_BEHAVIOR_POINT|DOTA_ABILITY_BEHAVIOR_ROOT_DISABLES,0,DAMAGE_TYPE_MAGICAL,,,,,,,,,,,,,,
monkey_king,4,monkey_king_jingu_mastery,DOTA_ABILITY_BEHAVIOR_PASSIVE,0,DAMAGE_TYPE_PHYSICAL,,,,,,,,,,,,,,
monkey_king,5,monkey_king_mischief,DOTA_ABILITY_BEHAVIOR_DONT_RESUME_ATTACK|DOTA_ABILITY_BEHAVIOR_DONT_RESUME_MOVEMENT|DOTA_ABILITY_BEHAVIOR_NOT_LEARNABLE|DOTA_ABILITY_BEHAVIOR_NO_TARGET,0,,,,,,,,,,,,,,,
monkey_king,6,monkey_king_wukongs_command,DOTA_ABILITY_BEHAVIOR_AOE|DOTA_ABILITY_BEHAVIOR_NORMAL_WHEN_STOLEN|DOTA_ABILITY_BEHAVIOR_POINT,1,DAMAGE_TYPE_PHYSICAL,,,,,,,,,,,,,,
monkey_king,7,monkey_king_primal_spring_early,DOTA_ABILITY_BEHAVIOR_HIDDEN|DOTA_ABILITY_BEHAVIOR_IGNORE_PSEUDO_QUEUE|DOTA_ABILITY_BEHAVIOR_IMMEDIATE|DOTA_ABILITY_BEHAVIOR_NOT_LEARNABLE|DOTA_ABILITY_BEHAVIOR_NO_TARGET,0.0 0.0 0.0 0.0,,,,,,,,,,,,,,,
monkey_king,8,monkey_king_transfiguration,DOTA_ABILITY_BEHAVIOR_HIDDEN|DOTA_ABILITY_BEHAVIOR_IGNORE_PSEUDO_QUEUE|DOTA_ABILITY_BEHAVIOR_NOT_LEARNABLE|DOTA_ABILITY_BEHAVIOR_POINT|DOTA_ABILITY_BEHAVIOR_ROOT_DISABLES|DOTA_ABILITY_BEHAVIOR_SHOW_IN_GUIDES,0.3,,,,,,,,,,,,,,,
monkey_king,10,special_bonus_unique_monkey_king_7,,,,,,,,,,,,,,,,,
monkey_king,11,special_bonus_unique_monkey_king_9,,,,,,,,,,,,,,,,,
monkey_king,12,special_bonus_unique_monkey_king_8,,,,,,,,,,,,,,,,,
monkey_king,13,special_bonus_unique_monkey_king_2,,,,,,,,,,,,,,,,,
monkey_king,14,special_bonus_unique_monkey_king_3,,,,,,,,,,,,,,,,,
monkey_king,15,special_bonus_unique_monkey_king_10,,,,,,,,,,,,,,,,,
monkey_king,16,special_bonus_unique_monkey_king_11,,,,,,,,,,,,,,,,,
monkey_king,17,special_bonus_unique_monkey_king_6,,,,,,,,,,,,,,,,,
morphling,1,morphling_waveform,DOTA_ABILITY_BEHAVIOR_IGNORE_BACKSWING|DOTA_ABILITY_BEHAVIOR_POINT|DOTA_ABILITY_BEHAVIOR_ROOT_DISABLES,0.25,DAMAGE_TYPE_MAGICAL,,,,,,,,,,,,,,
morphling,2,morphling_adaptive_strike_agi,DOTA_ABILITY_BEHAVIOR_UNIT_TARGET,0.25,DAMAGE_TYPE_MAGICAL,,,1,hard_disable,,1,,1,1,1,1,,,
morphling,3,morphling_ebb_and_flow,DOTA_ABILITY_BEHAVIOR_FORCE_NO_INNATE_UI|DOTA_ABILITY_BEHAVIOR_HIDDEN|DOTA_ABILITY_BEHAVIOR_NOT_LEARNABLE|DOTA_ABILITY_BEHAVIOR_PASSIVE,0,,,,,,,,,,,,,,,
morphling,4,morphling_morph_agi,DOTA_ABILITY_BEHAVIOR_NO_TARGET|DOTA_ABILITY_BEHAVIOR_TOGGLE,0,,,,,,,,,,,,,,,
morphling,5,morphling_morph_str,DOTA_ABILITY_BEHAVIOR_NO_TARGET|DOTA_ABILITY_BEHAVIOR_TOGGLE,0,,,,,,,,,,,,,,,
morphling,6,morphling_replicate,DOTA_ABILITY_BEHAVIOR_UNIT_TARGET,0.25,,,,,,,,,,,,,,,
morphling,7,morphling_morph_replicate,DOTA_ABILITY_BEHAVIOR_DONT_RESUME_ATTACK|DOTA_ABILITY_BEHAVIOR_DONT_RESUME_MOVEMENT|DOTA_ABILITY_BEHAVIOR_HIDDEN|DOTA_ABILITY_BEHAVIOR_IGNORE_BACKSWING|DOTA_ABILITY_BEHAVIOR_IMMEDIATE|DOTA_ABILITY_BEHAVIOR_NO_TARGET,0,,,,,,,,,,,,,,,
morphling,15,special_bonus_magic_resistance_15,DOTA_ABILITY_BEHAVIOR_PASSIVE,0,,,,,,,,,,,,,,,
morphling,16,special_bonus_unique_morphling_8,,,,,,,,,,,,,,,,,
morphling,17,special_bonus_unique_morphling_1,,,,,,,,,,,,,,,,,
muerta,1,muerta_dead_shot,DOTA_ABILITY_BEHAVIOR_UNIT_TARGET|DOTA_ABILITY_BEHAVIOR_VECTOR_TARGETING,0.15,DAMAGE_TYPE_MAGICAL,,,1,hard_disable,,1,,1,1,1,1,,,
muerta,2,muerta_the_calling,DOTA_ABILITY_BEHAVIOR_AOE|DOTA_ABILITY_BEHAVIOR_CAN_SELF_CAST|DOTA_ABILITY_BEHAVIOR_POINT,0.1,DAMAGE_TYPE_MAGICAL,,,,,,,,,,,,,,
muerta,3,muerta_gunslinger,DOTA_ABILITY_BEHAVIOR_IGNORE_SILENCE|DOTA_ABILITY_BEHAVIOR_IMMEDIATE|DOTA_ABILITY_BEHAVIOR_NO_TARGET|DOTA_ABILITY_BEHAVIOR_TOGGLE,0,,,,,,,,,,,,,,,
muerta,4,muerta_spectral_slug,DOTA_ABILITY_BEHAVIOR_UNIT_TARGET,0.2,DAMAGE_TYPE_MAGICAL,1,,,,,,,,,,,,,
muerta,6,muerta_pierce_the_veil,DOTA_ABILITY_BEHAVIOR_NO_TARGET,0,DAMAGE_TYPE_MAGICAL,,,,,,,,,,,,,,
muerta,7,muerta_supernatural,DOTA_ABILITY_BEHAVIOR_FORCE_NO_INNATE_UI|DOTA_ABILITY_BEHAVIOR_HIDDEN|DOTA_ABILITY_BEHAVIOR_PASSIVE,0,,,,,,,,,,,,,,,
muerta,10,special_bonus_unique_muerta_dead_shot_range,,,,,,,,,,,,,,,,,
muerta,11,special_bonus_attack_speed_20,DOTA_ABILITY_BEHAVIOR_PASSIVE,0,,,,,,,,,,,,,,,
muerta,12,special_bonus_unique_muerta_calling_hp_regen,,,,,,,,,,,,,,,,,
muerta,13,special_bonus_intelligence_15,DOTA_ABILITY_BEHAVIOR_PASSIVE,0,,,,,,,,,,,,,,,
muerta,14,special_bonus_unique_muerta_pierce_the_veil_duration,,,,,,,,,,,,,,,,,
muerta,15,special_bonus_unique_muerta_the_calling_num_revenants,,,,,,,,,,,,,,,,,
muerta,16,special_bonus_unique_muerta_gunslinger_double_shot_chance,,,,,,,,,,,,,,,,,
muerta,17,special_bonus_unique_muerta_dead_shot_charges,,,,,,,,,,,,,,,,,
naga_siren,1,naga_siren_mirror_image,DOTA_ABILITY_BEHAVIOR_NO_TARGET,0.4,,,,,,,,,,,,,,,
naga_siren,2,naga_siren_ensnare,DOTA_ABILITY_BEHAVIOR_UNIT_TARGET,0.3,,,,1,hard_disable,,,,1,1,1,1,,,
naga_siren,3,naga_siren_rip_tide,DOTA_ABILITY_BEHAVIOR_PASSIVE,0 0 0 0,DAMAGE_TYPE_MAGICAL,,,,,,,,,,,,,,
naga_siren,4,naga_siren_reel_in,DOTA_ABILITY_BEHAVIOR_CHANNELLED|DOTA_ABILITY_BEHAVIOR_NOT_LEARNABLE|DOTA_ABILITY_BEHAVIOR_NO_TARGET,0,,,,,,,,,,,,,,,
naga_siren,5,naga_siren_eelskin,DOTA_ABILITY_BEHAVIOR_PASSIVE|DOTA_ABILITY_BEHAVIOR_SHOW_IN_GUIDES|DOTA_ABILITY_BEHAVIOR_SKIP_FOR_KEYBINDS,0,DAMAGE_TYPE_NONE,,,,,,,,,,,,,,
naga_siren,6,naga_siren_song_of_the_siren,DOTA_ABILITY_BEHAVIOR_NO_TARGET,1,,,,1,hard_disable,,1,,1,1,1,1,,,
naga_siren,7,naga_siren_song_of_the_siren_cancel,DOTA_ABILITY_BEHAVIOR_HIDDEN|DOTA_ABILITY_BEHAVIOR_NO_TARGET,0 0 0,,,,,,,,,,,,,,,
naga_siren,10,special_bonus_unique_naga_siren_reel_in_speed,,,,,,,,,,,,,,,,,
naga_siren,11,special_bonus_unique_naga_siren_2,,,,,,,,,,,,,,,,,
naga_siren,12,special_bonus_unique_naga_siren_4,,,,,,,,,,,,,,,,,
naga_siren,13,special_bonus_unique_naga_siren_3,,,,,,,,,,,,,,,,,
naga_siren,14,special_bonus_unique_naga_siren_5,,,,,,,,,,,,,,,,,
naga_siren,15,special_bonus_unique_naga_siren,,,,,,,,,,,,,,,,,
naga_siren,16,special_bonus_unique_naga_siren_6,,,,,,,,,,,,,,,,,
naga_siren,17,special_bonus_agility_25,DOTA_ABILITY_BEHAVIOR_PASSIVE,0,,,,,,,,,,,,,,,
necrolyte,1,necrolyte_death_pulse,DOTA_ABILITY_BEHAVIOR_NO_TARGET,0.0 0.0 0.0 0.0,DAMAGE_TYPE_MAGICAL,,,,,,,,,,,,,,
necrolyte,2,necrolyte_ghost_shroud,DOTA_ABILITY_BEHAVIOR_IMMEDIATE|DOTA_ABILITY_BEHAVIOR_NO_TARGET,0,,,,,,,,,,,,,,,
necrolyte,3,necrolyte_heartstopper_aura,DOTA_ABILITY_BEHAVIOR_AURA|DOTA_ABILITY_BEHAVIOR_PASSIVE,0,DAMAGE_TYPE_MAGICAL,,,,,,1,,1,,,,,,
necrolyte,4,necrolyte_death_seeker,DOTA_ABILITY_BEHAVIOR_HIDDEN|DOTA_ABILITY_BEHAVIOR_ROOT_DISABLES|DOTA_ABILITY_BEHAVIOR_SHOW_IN_GUIDES|DOTA_ABILITY_BEHAVIOR_UNIT_TARGET,0.2,DAMAGE_TYPE_MAGICAL,1,,,,,,,,,,,,,
necrolyte,5,necrolyte_sadist,DOTA_ABILITY_BEHAVIOR_FORCE_NO_INNATE_UI|DOTA_ABILITY_BEHAVIOR_HIDDEN|DOTA_ABILITY_BEHAVIOR_NOT_LEARNABLE|DOTA_ABILITY_BEHAVIOR_PASSIVE,0,,,,,,,,,,,,,,,
necrolyte,6,necrolyte_reapers_scythe,DOTA_ABILITY_BEHAVIOR_UNIT_TARGET,0.45,DAMAGE_TYPE_MAGICAL,,,1,ult_burst,,1,,1,1,1,1,,,
necrolyte,10,special_bonus_unique_necrophos_6,,,,,,,,,,,,,,,,,
necrolyte,11,special_bonus_unique_necrophos_heartstopper_regen_duration,,,,,,,,,,,,,,,,,
necrolyte,12,special_bonus_unique_necrophos_3,,,,,,,,,,,,,,,,,
necrolyte,13,special_bonus_unique_necrophos_4,,,,,,,,,,,,,,,,,
necrolyte,14,special_bonus_spell_aoe_75,DOTA_ABILITY_BEHAVIOR_PASSIVE,0,,,,,,,,,,,,,,,
necrolyte,15,special_bonus_unique_necrophos_5,,,,,,,,,,,,,,,,,
necrolyte,16,special_bonus_unique_necrophos_reaper_scythe_damage_per_health,,,,,,,,,,,,,,,,,
necrolyte,17,special_bonus_unique_necrophos,,,,,,,,,,,,,,,,,
nevermore,1,nevermore_shadowraze1,DOTA_ABILITY_BEHAVIOR_IGNORE_BACKSWING|DOTA_ABILITY_BEHAVIOR_NO_TARGET,0.55,DAMAGE_TYPE_MAGICAL,,,,,,,,,,,,,,
nevermore,2,nevermore_shadowraze2,DOTA_ABILITY_BEHAVIOR_IGNORE_BACKSWING|DOTA_ABILITY_BEHAVIOR_NO_TARGET,0.55,DAMAGE_TYPE_MAGICAL,,,,,,,,,,,,,,
nevermore,3,nevermore_shadowraze3,DOTA_ABILITY_BEHAVIOR_IGNORE_BACKSWING|DOTA_ABILITY_BEHAVIOR_NO_TARGET,0.55,DAMAGE_TYPE_MAGICAL,,,,,,,,,,,,,,
nevermore,4,nevermore_frenzy,DOTA_ABILITY_BEHAVIOR_IMMEDIATE|DOTA_ABILITY_BEHAVIOR_NO_TARGET,0,,,,,,,,,,,,,,,
nevermore,5,nevermore_dark_lord,DOTA_ABILITY_BEHAVIOR_AURA|DOTA_ABILITY_BEHAVIOR_PASSIVE,0,,,,,,,,,,,,,,,
nevermore,6,nevermore_requiem,DOTA_ABILITY_BEHAVIOR_NORMAL_WHEN_STOLEN|DOTA_ABILITY_BEHAVIOR_NO_TARGET,1.67 1.67 1.67,DAMAGE_TYPE_MAGICAL,,,,,,1,,,,1,1,,,
nevermore,7,nevermore_necromastery,DOTA_ABILITY_BEHAVIOR_FORCE_NO_INNATE_UI|DOTA_ABILITY_BEHAVIOR_HIDDEN|DOTA_ABILITY_BEHAVIOR_NOT_LEARNABLE|DOTA_ABILITY_BEHAVIOR_PASSIVE,0,,,,,,,,,,,,,,,
nevermore,10,special_bonus_unique_nevermore_7,,,,,,,,,,,,,,,,,
nevermore,11,special_bonus_unique_nevermore_4,,,,,,,,,,,,,,,,,
nevermore,12,special_bonus_unique_nevermore_3,,,,,,,,,,,,,,,,,
nevermore,13,special_bonus_unique_nevermore_frenzy_max_collection_count,,,,,,,,,,,,,,,,,
nevermore,14,special_bonus_unique_nevermore_1,,,,,,,,,,,,,,,,,
nevermore,15,special_bonus_unique_nevermore_6,,,,,,,,,,,,,,,,,
nevermore,16,special_bonus_unique_nevermore_frenzy_castspeed,,,,,,,,,,,,,,,,,
nevermore,17,special_bonus_unique_nevermore_raze_procsattacks,,,,,,,,,,,,,,,,,
night_stalker,1,night_stalker_void,DOTA_ABILITY_BEHAVIOR_UNIT_TARGET,0.3 0.3 0.3 0.3,DAMAGE_TYPE_MAGICAL,,,1,hard_disable,,1,,1,,1,1,,,
night_stalker,2,night_stalker_crippling_fear,DOTA_ABILITY_BEHAVIOR_IMMEDIATE|DOTA_ABILITY_BEHAVIOR_NO_TARGET,0,DAMAGE_TYPE_MAGICAL,,,,,,,,,,,,,,
night_stalker,3,night_stalker_midnight_feast,DOTA_ABILITY_BEHAVIOR_PASSIVE,0,,,,,,,,,,,,,,,
night_stalker,4,night_stalker_hunter_in_the_night,DOTA_ABILITY_BEHAVIOR_FORCE_NO_INNATE_UI|DOTA_ABILITY_BEHAVIOR_HIDDEN|DOTA_ABILITY_BEHAVIOR_PASSIVE,0,,,,,,,,,,,,,,,
night_stalker,6,night_stalker_darkness,DOTA_ABILITY_BEHAVIOR_NO_TARGET,0.3 0.3 0.3,DAMAGE_TYPE_PHYSICAL,,,,,,,,,,,,,,
night_stalker,10,special_bonus_unique_night_stalker_4,,,,,,,,,,,,,,,,,
night_stalker,11,special_bonus_unique_night_stalker_crippling_fear_damage,,,,,,,,,,,,,,,,,
night_stalker,12,special_bonus_unique_night_stalker_3,,,,,,,,,,,,,,,,,
night_stalker,13,special_bonus_unique_night_stalker_hunter_status_resist,,,,,,,,,,,,,,,,,
night_stalker,14,special_bonus_unique_night_stalker_crippling_fear_radius,,,,,,,,,,,,,,,,,
night_stalker,15,special_bonus_strength_15,DOTA_ABILITY_BEHAVIOR_PASSIVE,0,,,,,,,,,,,,,,,
night_stalker,16,special_bonus_unique_night_stalker_2,,,,,,,,,,,,,,,,,
night_stalker,17,special_bonus_unique_night_stalker,,,,,,,,,,,,,,,,,
nyx_assassin,1,nyx_assassin_impale,DOTA_ABILITY_BEHAVIOR_IGNORE_BACKSWING|DOTA_ABILITY_BEHAVIOR_POINT,0.3,DAMAGE_TYPE_MAGICAL,,,1,hard_disable,,1,,1,1,1,1,,,
nyx_assassin,2,nyx_assassin_jolt,DOTA_ABILITY_BEHAVIOR_AOE|DOTA_ABILITY_BEHAVIOR_IGNORE_BACKSWING|DOTA_ABILITY_BEHAVIOR_UNIT_TARGET,0.4 0.4 0.4 0.4,DAMAGE_TYPE_MAGICAL,,,,,,,,,,,,,,
nyx_assassin,3,nyx_assassin_spiked_carapace,DOTA_ABILITY_BEHAVIOR_IMMEDIATE|DOTA_ABILITY_BEHAVIOR_NO_TARGET,0 0 0 0,,,,,,,,,,,,,,,
nyx_assassin,4,nyx_assassin_burrow,DOTA_ABILITY_BEHAVIOR_HIDDEN|DOTA_ABILITY_BEHAVIOR_NO_TARGET|DOTA_ABILITY_BEHAVIOR_SHOW_IN_GUIDES,1.5,,,1,,,,,,,,,,,,
nyx_assassin,5,nyx_assassin_neuro_sting,DOTA_ABILITY_BEHAVIOR_FORCE_NO_INNATE_UI|DOTA_ABILITY_BEHAVIOR_HIDDEN|DOTA_ABILITY_BEHAVIOR_PASSIVE,0,,,,,,,,,,,,,,,
nyx_assassin,6,nyx_assassin_vendetta,DOTA_ABILITY_BEHAVIOR_IGNORE_CHANNEL|DOTA_ABILITY_BEHAVIOR_IMMEDIATE|DOTA_ABILITY_BEHAVIOR_NO_TARGET,0,DAMAGE_TYPE_PURE,,,1,gap_close,,1,,1,1,1,1,,,
nyx_assassin,7,nyx_assassin_unburrow,DOTA_ABILITY_BEHAVIOR_HIDDEN|DOTA_ABILITY_BEHAVIOR_IGNORE_BACKSWING|DOTA_ABILITY_BEHAVIOR_NO_TARGET,0,,,,,,,,,,,,,,,
nyx_assassin,10,special_bonus_unique_nyx_4,,,,,,,,,,,,,,,,,
nyx_assassin,11,special_bonus_unique_nyx_3,,,,,,,,,,,,,,,,,
nyx_assassin,12,special_bonus_unique_nyx_vendetta_damage,,,,,,,,,,,,,,,,,
nyx_assassin,13,special_bonus_unique_nyx_jolt_cooldown,,,,,,,,,,,,,,,,,
nyx_assassin,14,special_bonus_unique_nyx_6,,,,,,,,,,,,,,,,,
nyx_assassin,15,special_bonus_unique_nyx_2,,,,,,,,,,,,,,,,,
nyx_assassin,16,special_bonus_unique_nyx,,,,,,,,,,,,,,,,,
nyx_assassin,17,special_bonus_agility_80,DOTA_ABILITY_BEHAVIOR_PASSIVE,0,,,,,,,,,,,,,,,
obsidian_destroyer,1,obsidian_destroyer_arcane_orb,DOTA_ABILITY_BEHAVIOR_ATTACK|DOTA_ABILITY_BEHAVIOR_AUTOCAST|DOTA_ABILITY_BEHAVIOR_UNIT_TARGET,0,DAMAGE_TYPE_PURE,,,,,,,,,,,,,,
obsidian_destroyer,2,obsidian_destroyer_astral_imprisonment,DOTA_ABILITY_BEHAVIOR_AOE|DOTA_ABILITY_BEHAVIOR_DONT_RESUME_ATTACK|DOTA_ABILITY_BEHAVIOR_UNIT_TARGET,0.3,DAMAGE_TYPE_MAGICAL,,,1,hard_disable,1,1,,1,1,1,1,,,
obsidian_destroyer,3,obsidian_destroyer_objurgation,DOTA_ABILITY_BEHAVIOR_NO_TARGET,0.2,,,,,,,,,,,,,,,
obsidian_destroyer,5,obsidian_destroyer_equilibrium,DOTA_ABILITY_BEHAVIOR_FORCE_NO_INNATE_UI|DOTA_ABILITY_BEHAVIOR_HIDDEN|DOTA_ABILITY_BEHAVIOR_PASSIVE,0.75,,,,,,,,,,,,,,,
obsidian_destroyer,6,obsidian_destroyer_sanity_eclipse,DOTA_ABILITY_BEHAVIOR_AOE|DOTA_ABILITY_BEHAVIOR_POINT,0.25 0.25 0.25,DAMAGE_TYPE_MAGICAL,,,1,ult_burst,,1,,1,1,1,1,,,
obsidian_destroyer,10,special_bonus_unique_outworld_devourer_astral_castrange,,,,,,,,,,,,,,,,,
obsidian_destroyer,11,special_bonus_mp_200,DOTA_ABILITY_BEHAVIOR_PASSIVE,0,,,,,,,,,,,,,,,
obsidian_destroyer,12,special_bonus_unique_outworld_devourer_flux_restore,,,,,,,,,,,,,,,,,
obsidian_destroyer,13,special_bonus_unique_outworld_devourer_3,,,,,,,,,,,,,,,,,
obsidian_destroyer,14,special_bonus_unique_outworld_devourer_barrier,,,,,,,,,,,,,,,,,
obsidian_destroyer,15,special_bonus_unique_outworld_devourer_4,,,,,,,,,,,,,,,,,
obsidian_destroyer,16,special_bonus_unique_outworld_devourer,,,,,,,,,,,,,,,,,
obsidian_destroyer,17,special_bonus_unique_outworld_devourer_5,,,,,,,,,,,,,,,,,
ogre_magi,1,ogre_magi_fireblast,DOTA_ABILITY_BEHAVIOR_UNIT_TARGET,0.45,DAMAGE_TYPE_MAGICAL,,,1,hard_disable,,1,,1,,1,1,,,
ogre_magi,2,ogre_magi_ignite,DOTA_ABILITY_BEHAVIOR_AOE|DOTA_ABILITY_BEHAVIOR_UNIT_TARGET,0.35,DAMAGE_TYPE_MAGICAL,,,,,,,,,,,,,,
ogre_magi,3,ogre_magi_bloodlust,DOTA_ABILITY_BEHAVIOR_AUTOCAST|DOTA_ABILITY_BEHAVIOR_DONT_RESUME_ATTACK|DOTA_ABILITY_BEHAVIOR_UNIT_TARGET,0.45,,,,,,,,,,,,,,,
ogre_magi,4,ogre_magi_unrefined_fireblast,DOTA_ABILITY_BEHAVIOR_HIDDEN|DOTA_ABILITY_BEHAVIOR_SHOW_IN_GUIDES|DOTA_ABILITY_BEHAVIOR_UNIT_TARGET,0.45,DAMAGE_TYPE_MAGICAL,,1,,,,,,1,,,,,,
ogre_magi,5,ogre_magi_smash,DOTA_ABILITY_BEHAVIOR_HIDDEN|DOTA_ABILITY_BEHAVIOR_SHOW_IN_GUIDES|DOTA_ABILITY_BEHAVIOR_UNIT_TARGET,0.2,DAMAGE_TYPE_MAGICAL,1,,,,,,,,,,,,,
ogre_magi,6,ogre_magi_dumb_luck,DOTA_ABILITY_BEHAVIOR_FORCE_NO_INNATE_UI|DOTA_ABILITY_BEHAVIOR_HIDDEN|DOTA_ABILITY_BEHAVIOR_PASSIVE|DOTA_ABILITY_BEHAVIOR_SHOW_IN_GUIDES|DOTA_ABILITY_BEHAVIOR_SKIP_FOR_KEYBINDS,0,DAMAGE_TYPE_NONE,,,,,,,,,,,,,,
ogre_magi,7,ogre_magi_multicast,DOTA_ABILITY_BEHAVIOR_PASSIVE,0,,,,,,,,,,,,,,,
ogre_magi,10,special_bonus_unique_ogre_magi_4,,,,,,,,,,,,,,,,,
ogre_magi,11,special_bonus_unique_ogre_magi_dumb_luck_mana,,,,,,,,,,,,,,,,,
ogre_magi,12,special_bonus_attack_damage_80,DOTA_ABILITY_BEHAVIOR_PASSIVE,0,,,,,,,,,,,,,,,
ogre_magi,13,special_bonus_unique_ogre_magi,,,,,,,,,,,,,,,,,
ogre_magi,14,special_bonus_strength_30,DOTA_ABILITY_BEHAVIOR_PASSIVE,0,,,,,,,,,,,,,,,
ogre_magi,15,special_bonus_unique_ogre_magi_2,,,,,,,,,,,,,,,,,
ogre_magi,16,special_bonus_unique_ogre_magi_3,,,,,,,,,,,,,,,,,
ogre_magi,17,special_bonus_unique_ogre_magi_multicast_chance,,,,,,,,,,,,,,,,,
omniknight,1,omniknight_purification,DOTA_ABILITY_BEHAVIOR_AOE|DOTA_ABILITY_BEHAVIOR_UNIT_TARGET,0.2,DAMAGE_TYPE_PURE,,,,,,,,,,,,,,
omniknight,2,omniknight_martyr,DOTA_ABILITY_BEHAVIOR_UNIT_TARGET,0.3,,,,,,,,,,,,,,,
omniknight,3,omniknight_hammer_of_purity,DOTA_ABILITY_BEHAVIOR_ATTACK|DOTA_ABILITY_BEHAVIOR_AUTOCAST|DOTA_ABILITY_BEHAVIOR_IGNORE_SILENCE|DOTA_ABILITY_BEHAVIOR_UNIT_TARGET,0,DAMAGE_TYPE_PURE,,,,,,,,,,,,,,
omniknight,4,omniknight_degen_aura,DOTA_ABILITY_BEHAVIOR_AURA|DOTA_ABILITY_BEHAVIOR_FORCE_NO_INNATE_UI|DOTA_ABILITY_BEHAVIOR_HIDDEN|DOTA_ABILITY_BEHAVIOR_NOT_LEARNABLE|DOTA_ABILITY_BEHAVIOR_PASSIVE,0,,,,,,,,,,,,,,,
omniknight,6,omniknight_guardian_angel,DOTA_ABILITY_BEHAVIOR_NO_TARGET,0.4,,,,,,,,,,,,,,,
omniknight,10,special_bonus_unique_omniknight_2,DOTA_ABILITY_BEHAVIOR_PASSIVE,0,,,,,,,,,,,,,,,
omniknight,11,special_bonus_attack_base_damage_30,DOTA_ABILITY_BEHAVIOR_PASSIVE,0,,,,,,,,,,,,,,,
omniknight,12,special_bonus_unique_omniknight_3,DOTA_ABILITY_BEHAVIOR_PASSIVE,0,,,,,,,,,,,,,,,
omniknight,13,special_bonus_unique_omniknight_7,DOTA_ABILITY_BEHAVIOR_PASSIVE,0,,,,,,,,,,,,,,,
omniknight,14,special_bonus_unique_omniknight_degen_aura_radius,,,,,,,,,,,,,,,,,
omniknight,15,special_bonus_unique_omniknight_6,DOTA_ABILITY_BEHAVIOR_PASSIVE,0,,,,,,,,,,,,,,,
omniknight,16,special_bonus_unique_omniknight_1,DOTA_ABILITY_BEHAVIOR_PASSIVE,0,,,,,,,,,,,,,,,
omniknight,17,special_bonus_unique_omniknight_4,DOTA_ABILITY_BEHAVIOR_PASSIVE,0,,,,,,,,,,,,,,,
oracle,1,oracle_fortunes_end,DOTA_ABILITY_BEHAVIOR_AOE|DOTA_ABILITY_BEHAVIOR_CHANNELLED|DOTA_ABILITY_BEHAVIOR_DONT_CANCEL_CHANNEL|DOTA_ABILITY_BEHAVIOR_UNIT_TARGET,0,DAMAGE_TYPE_MAGICAL,,,1,channel_start,1,1,,1,,,,,,
oracle,2,oracle_fates_edict,DOTA_ABILITY_BEHAVIOR_UNIT_TARGET,0.3,,,,,,,,,,,,,,,
oracle,3,oracle_purifying_flames,DOTA_ABILITY_BEHAVIOR_UNIT_TARGET,0.1,DAMAGE_TYPE_MAGICAL,,,,,,1,,1,,,,,,
oracle,4,oracle_rain_of_destiny,DOTA_ABILITY_BEHAVIOR_AOE|DOTA_ABILITY_BEHAVIOR_POINT,0.2,DAMAGE_TYPE_MAGICAL,1,,,,,,,,,,,,,
oracle,5,oracle_diviners_deck,DOTA_ABILITY_BEHAVIOR_PASSIVE,0,,,,,,,,,,,,,,,
oracle,6,oracle_false_promise,DOTA_ABILITY_BEHAVIOR_UNIT_TARGET,0.3,,,,,,,,,,,,,,,
oracle,7,oracle_prognosticate,DOTA_ABILITY_BEHAVIOR_INNATE_UI|DOTA_ABILITY_BEHAVIOR_PASSIVE|DOTA_ABILITY_BEHAVIOR_SKIP_FOR_KEYBINDS,0,,,,,,,,,,,,,,,
oracle,10,special_bonus_unique_oracle_2,,,,,,,,,,,,,,,,,
oracle,11,special_bonus_unique_oracle_9,,,,,,,,,,,,,,,,,
oracle,12,special_bonus_unique_oracle_3,,,,,,,,,,,,,,,,,
oracle,13,special_bonus_unique_oracle_8,,,,,,,,,,,,,,,,,
oracle,14,special_bonus_unique_oracle_6,,,,,,,,,,,,,,,,,
oracle,15,special_bonus_unique_oracle_5,,,,,,,,,,,,,,,,,
oracle,16,special_bonus_unique_oracle_7,,,,,,,,,,,,,,,,,
oracle,17,special_bonus_unique_oracle,,,,,,,,,,,,,,,,,
pangolier,1,pangolier_swashbuckle,DOTA_ABILITY_BEHAVIOR_DONT_RESUME_MOVEMENT|DOTA_ABILITY_BEHAVIOR_POINT|DOTA_ABILITY_BEHAVIOR_ROOT_DISABLES|DOTA_ABILITY_BEHAVIOR_VECTOR_TARGETING,0.15,DAMAGE_TYPE_PHYSICAL,,,1,gap_close,,1,,1,1,1,1,,,
pangolier,2,pangolier_shield_crash,DOTA_ABILITY_BEHAVIOR_IMMEDIATE|DOTA_ABILITY_BEHAVIOR_NO_TARGET,0.0 0.0 0.0 0.0,DAMAGE_TYPE_PHYSICAL,,,,,,,,,,,,,,
pangolier,3,pangolier_lucky_shot,DOTA_ABILITY_BEHAVIOR_PASSIVE,0,,,,,,,,,,,,,,,
pangolier,5,pangolier_rollup,DOTA_ABILITY_BEHAVIOR_HIDDEN|DOTA_ABILITY_BEHAVIOR_NO_TARGET|DOTA_ABILITY_BEHAVIOR_SHOW_IN_GUIDES,0.1,DAMAGE_TYPE_MAGICAL,1,,,,,,,,,,,,,
pangolier,6,pangolier_gyroshell,DOTA_ABILITY_BEHAVIOR_IGNORE_BACKSWING|DOTA_ABILITY_BEHAVIOR_NO_TARGET|DOTA_ABILITY_BEHAVIOR_ROOT_DISABLES,1.2,DAMAGE_TYPE_PHYSICAL,,,1,gap_close,,1,,1,1,1,1,,,
pangolier,7,pangolier_gyroshell_stop,DOTA_ABILITY_BEHAVIOR_DONT_RESUME_ATTACK|DOTA_ABILITY_BEHAVIOR_HIDDEN|DOTA_ABILITY_BEHAVIOR_IMMEDIATE|DOTA_ABILITY_BEHAVIOR_NOT_LEARNABLE|DOTA_ABILITY_BEHAVIOR_NO_TARGET,0.0 0.0 0.0 0.0,,,,,,,,,,,,,,,
pangolier,8,pangolier_rollup_stop,DOTA_ABILITY_BEHAVIOR_DONT_RESUME_ATTACK|DOTA_ABILITY_BEHAVIOR_HIDDEN|DOTA_ABILITY_BEHAVIOR_IMMEDIATE|DOTA_ABILITY_BEHAVIOR_NOT_LEARNABLE|DOTA_ABILITY_BEHAVIOR_NO_TARGET,0.0 0.0 0.0 0.0,,,,,,,,,,,,,,,
pangolier,9,pangolier_fortune_favors_the_bold,DOTA_ABILITY_BEHAVIOR_FORCE_NO_INNATE_UI|DOTA_ABILITY_BEHAVIOR_HIDDEN|DOTA_ABILITY_BEHAVIOR_NOT_LEARNABLE|DOTA_ABILITY_BEHAVIOR_PASSIVE,0,,,,,,,,,,,,,,,
pangolier,10,special_bonus_unique_pangolier_luckyshot_armor,DOTA_ABILITY_BEHAVIOR_PASSIVE,0,,,,,,,,,,,,,,,
pangolier,11,special_bonus_unique_pangolier,DOTA_ABILITY_BEHAVIOR_PASSIVE,0,,,,,,,,,,,,,,,
pangolier,12,special_bonus_unique_pangolier_4,DOTA_ABILITY_BEHAVIOR_PASSIVE,0,,,,,,,,,,,,,,,
pangolier,13,special_bonus_unique_pangolier_shield_crash_herostacks,DOTA_ABILITY_BEHAVIOR_PASSIVE,0,,,,,,,,,,,,,,,
pangolier,14,special_bonus_unique_pangolier_6,DOTA_ABILITY_BEHAVIOR_PASSIVE,0,,,,,,,,,,,,,,,
pangolier,15,special_bonus_unique_pangolier_shield_crash_cooldown,DOTA_ABILITY_BEHAVIOR_PASSIVE,0,,,,,,,,,,,,,,,
pangolier,16,special_bonus_unique_pangolier_3,DOTA_ABILITY_BEHAVIOR_PASSIVE,0,,,,,,,,,,,,,,,
pangolier,17,special_bonus_unique_pangolier_5,DOTA_ABILITY_BEHAVIOR_PASSIVE,0,,,,,,,,,,,,,,,
phantom_assassin,1,phantom_assassin_stifling_dagger,DOTA_ABILITY_BEHAVIOR_UNIT_TARGET,0.3 0.3 0.3 0.3,DAMAGE_TYPE_PHYSICAL,,,,,,,,1,,,,,,
phantom_assassin,2,phantom_assassin_phantom_strike,DOTA_ABILITY_BEHAVIOR_ROOT_DISABLES|DOTA_ABILITY_BEHAVIOR_UNIT_TARGET,0.25,,,,1,gap_close,1,1,,1,1,1,1,,,
phantom_assassin,3,phantom_assassin_blur,DOTA_ABILITY_BEHAVIOR_NOT_LEARNABLE|DOTA_ABILITY_BEHAVIOR_NO_TARGET|DOTA_ABILITY_BEHAVIOR_SHOW_IN_GUIDES,0.3,,,,,,,,,,,,,,,
phantom_assassin,4,phantom_assassin_fan_of_knives,DOTA_ABILITY_BEHAVIOR_HIDDEN|DOTA_ABILITY_BEHAVIOR_NO_TARGET|DOTA_ABILITY_BEHAVIOR_SHOW_IN_GUIDES|DOTA_UNIT_TARGET_FLAG_MAGIC_IMMUNE_ENEMIES,0.15,DAMAGE_TYPE_PHYSICAL,,1,,,,,,,,,,,,
phantom_assassin,5,phantom_assassin_immaterial,DOTA_ABILITY_BEHAVIOR_PASSIVE,0,,,,,,,,,,,,,,,
phantom_assassin,6,phantom_assassin_coup_de_grace,DOTA_ABILITY_BEHAVIOR_PASSIVE,0,,,,,,,,,,,,,,,
phantom_assassin,10,special_bonus_unique_phantom_assassin_4,,,,,,,,,,,,,,,,,
phantom_assassin,11,special_bonus_unique_phantom_assassin_7,,,,,,,,,,,,,,,,,
phantom_assassin,12,special_bonus_unique_phantom_assassin_3,,,,,,,,,,,,,,,,,
phantom_assassin,13,special_bonus_unique_phantom_assassin_5,,,,,,,,,,,,,,,,,
phantom_assassin,14,special_bonus_unique_phantom_assassin_6,,,,,,,,,,,,,,,,,
phantom_assassin,15,special_bonus_unique_phantom_assassin_strike_aspd,,,,,,,,,,,,,,,,,
phantom_assassin,16,special_bonus_unique_phantom_assassin_2,,,,,,,,,,,,,,,,,
phantom_assassin,17,special_bonus_unique_phantom_assassin,,,,,,,,,,,,,,,,,
phantom_lancer,1,phantom_lancer_spirit_lance,DOTA_ABILITY_BEHAVIOR_UNIT_TARGET,0.3 0.3 0.3 0.3,DAMAGE_TYPE_MAGICAL,,,,,,,,,,,,,,
phantom_lancer,2,phantom_lancer_doppelwalk,DOTA_ABILITY_BEHAVIOR_AOE|DOTA_ABILITY_BEHAVIOR_POINT|DOTA_ABILITY_BEHAVIOR_ROOT_DISABLES,0.1,,,,,,,,,,,,,,,
phantom_lancer,3,phantom_lancer_phantom_edge,DOTA_ABILITY_BEHAVIOR_IGNORE_SILENCE|DOTA_ABILITY_BEHAVIOR_IMMEDIATE|DOTA_ABILITY_BEHAVIOR_NO_TARGET|DOTA_ABILITY_BEHAVIOR_TOGGLE,0,DAMAGE_TYPE_PHYSICAL,,,,,,,,,,,,,,
phantom_lancer,4,phantom_lancer_illusory_armaments,DOTA_ABILITY_BEHAVIOR_FORCE_NO_INNATE_UI|DOTA_ABILITY_BEHAVIOR_HIDDEN|DOTA_ABILITY_BEHAVIOR_PASSIVE,0,,,,,,,,,,,,,,,
phantom_lancer,6,phantom_lancer_juxtapose,DOTA_ABILITY_BEHAVIOR_PASSIVE,0,,,,,,,,,,,,,,,
phantom_lancer,10,special_bonus_unique_phantom_lancer_lance_slow_duration,,,,,,,,,,,,,,,,,
phantom_lancer,11,special_bonus_unique_phantom_lancer_juxtapose_illusio_proc_chance,,,,,,,,,,,,,,,,,
phantom_lancer,12,special_bonus_unique_phantom_lancer_illusion_lances,,,,,,,,,,,,,,,,,
phantom_lancer,13,special_bonus_unique_phantom_lancer_doppelwalk_cast_range,,,,,,,,,,,,,,,,,
phantom_lancer,14,special_bonus_unique_phantom_lancer_lance_damage,,,,,,,,,,,,,,,,,
phantom_lancer,15,special_bonus_unique_phantom_lancer_juxtapose_damage_in,,,,,,,,,,,,,,,,,
phantom_lancer,16,special_bonus_unique_phantom_lancer_4,,,,,,,,,,,,,,,,,
phantom_lancer,17,special_bonus_unique_phantom_lancer_illusory_armaments_duration,,,,,,,,,,,,,,,,,
phoenix,1,phoenix_icarus_dive,DOTA_ABILITY_BEHAVIOR_IGNORE_BACKSWING|DOTA_ABILITY_BEHAVIOR_POINT|DOTA_ABILITY_BEHAVIOR_ROOT_DISABLES,0.2,DAMAGE_TYPE_MAGICAL,,,,,,,,,,,,,,
phoenix,2,phoenix_fire_spirits,DOTA_ABILITY_BEHAVIOR_IMMEDIATE|DOTA_ABILITY_BEHAVIOR_NO_TARGET,0,DAMAGE_TYPE_MAGICAL,,,,,,,,,,,,,,
phoenix,3,phoenix_sun_ray,DOTA_ABILITY_BEHAVIOR_POINT,0.01,DAMAGE_TYPE_MAGICAL,,,,,,,,,,,,,,
phoenix,4,phoenix_sun_ray_toggle_move,DOTA_ABILITY_BEHAVIOR_DONT_RESUME_ATTACK|DOTA_ABILITY_BEHAVIOR_IMMEDIATE|DOTA_ABILITY_BEHAVIOR_NOT_LEARNABLE|DOTA_ABILITY_BEHAVIOR_NO_TARGET|DOTA_ABILITY_BEHAVIOR_ROOT_DISABLES,0.0 0.0 0.0 0.0,,,,,,,,,,,,,,,
phoenix,5,phoenix_dying_light,DOTA_ABILITY_BEHAVIOR_FORCE_NO_INNATE_UI|DOTA_ABILITY_BEHAVIOR_HIDDEN|DOTA_ABILITY_BEHAVIOR_NOT_LEARNABLE|DOTA_ABILITY_BEHAVIOR_PASSIVE,0,,,,,,,,,,,,,,,
phoenix,6,phoenix_supernova,DOTA_ABILITY_BEHAVIOR_DONT_RESUME_ATTACK|DOTA_ABILITY_BEHAVIOR_NO_TARGET,0.01,DAMAGE_TYPE_MAGICAL,,,,,,,,,,,,,,
phoenix,7,phoenix_launch_fire_spirit,DOTA_ABILITY_BEHAVIOR_AOE|DOTA_ABILITY_BEHAVIOR_HIDDEN|DOTA_ABILITY_BEHAVIOR_IGNORE_BACKSWING|DOTA_ABILITY_BEHAVIOR_POINT,0,DAMAGE_TYPE_MAGICAL,,,,,,,,,,,,,,
phoenix,8,phoenix_icarus_dive_stop,DOTA_ABILITY_BEHAVIOR_DONT_RESUME_ATTACK|DOTA_ABILITY_BEHAVIOR_HIDDEN|DOTA_ABILITY_BEHAVIOR_IMMEDIATE|DOTA_ABILITY_BEHAVIOR_NOT_LEARNABLE|DOTA_ABILITY_BEHAVIOR_NO_TARGET,0.0 0.0 0.0 0.0,,,,,,,,,,,,,,,
phoenix,9,phoenix_sun_ray_stop,DOTA_ABILITY_BEHAVIOR_DONT_RESUME_ATTACK|DOTA_ABILITY_BEHAVIOR_HIDDEN|DOTA_ABILITY_BEHAVIOR_IMMEDIATE|DOTA_ABILITY_BEHAVIOR_NOT_LEARNABLE|DOTA_ABILITY_BEHAVIOR_NO_TARGET,0.0 0.0 0.0 0.0,,,,,,,,,,,,,,,
phoenix,10,special_bonus_unique_phoenix_6,DOTA_ABILITY_BEHAVIOR_PASSIVE,0,,,,,,,,,,,,,,,
phoenix,11,special_bonus_unique_phoenix_dying_light_damage,DOTA_ABILITY_BEHAVIOR_PASSIVE,0,,,,,,,,,,,,,,,
phoenix,12,special_bonus_unique_phoenix_3,DOTA_ABILITY_BEHAVIOR_PASSIVE,0,,,,,,,,,,,,,,,
phoenix,13,special_bonus_hp_regen_25,DOTA_ABILITY_BEHAVIOR_PASSIVE,0,,,,,,,,,,,,,,,
phoenix,14,special_bonus_unique_phoenix_5,DOTA_ABILITY_BEHAVIOR_PASSIVE,0,,,,,,,,,,,,,,,
phoenix,15,special_bonus_unique_phoenix_2,DOTA_ABILITY_BEHAVIOR_PASSIVE,0,,,,,,,,,,,,,,,
phoenix,16,special_bonus_unique_phoenix_1,DOTA_ABILITY_BEHAVIOR_PASSIVE,0,,,,,,,,,,,,,,,
phoenix,17,special_bonus_unique_phoenix_4,DOTA_ABILITY_BEHAVIOR_PASSIVE,0,,,,,,,,,,,,,,,
primal_beast,1,primal_beast_onslaught,DOTA_ABILITY_BEHAVIOR_IGNORE_BACKSWING|DOTA_ABILITY_BEHAVIOR_POINT|DOTA_ABILITY_BEHAVIOR_ROOT_DISABLES,0,DAMAGE_TYPE_PHYSICAL,,,1,gap_close,,1,,1,1,1,1,,,
primal_beast,2,primal_beast_trample,DOTA_ABILITY_BEHAVIOR_IGNORE_CHANNEL|DOTA_ABILITY_BEHAVIOR_IMMEDIATE|DOTA_ABILITY_BEHAVIOR_NO_TARGET,0,DAMAGE_TYPE_MAGICAL,,,,,,,,,,,,,,
primal_beast,3,primal_beast_uproar,DOTA_ABILITY_BEHAVIOR_IGNORE_BACKSWING|DOTA_ABILITY_BEHAVIOR_IGNORE_CHANNEL|DOTA_ABILITY_BEHAVIOR_IMMEDIATE|DOTA_ABILITY_BEHAVIOR_NO_TARGET,0,,,,,,,,,,,,,,,
primal_beast,4,primal_beast_rock_throw,DOTA_ABILITY_BEHAVIOR_AOE|DOTA_ABILITY_BEHAVIOR_HIDDEN|DOTA_ABILITY_BEHAVIOR_POINT|DOTA_ABILITY_BEHAVIOR_SHOW_IN_GUIDES,0.25,DAMAGE_TYPE_PHYSICAL,1,,,,,,,,,,,,,
primal_beast,5,primal_beast_onslaught_release,DOTA_ABILITY_BEHAVIOR_DONT_RESUME_ATTACK|DOTA_ABILITY_BEHAVIOR_HIDDEN|DOTA_ABILITY_BEHAVIOR_IGNORE_BACKSWING|DOTA_ABILITY_BEHAVIOR_IGNORE_CHANNEL|DOTA_ABILITY_BEHAVIOR_IMMEDIATE|DOTA_ABILITY_BEHAVIOR_NOT_LEARNABLE|DOTA_ABILITY_BEHAVIOR_NO_TARGET,0,,,,,,,,,,,,,,,
primal_beast,6,primal_beast_pulverize,DOTA_ABILITY_BEHAVIOR_AOE|DOTA_ABILITY_BEHAVIOR_CHANNELLED|DOTA_ABILITY_BEHAVIOR_UNIT_TARGET,0.25,DAMAGE_TYPE_MAGICAL,,,1,channel_start,1,1,,1,1,1,1,,,
primal_beast,7,primal_beast_colossal,DOTA_ABILITY_BEHAVIOR_INNATE_UI|DOTA_ABILITY_BEHAVIOR_PASSIVE,0,,,,,,,,,,,,,,,
primal_beast,10,special_bonus_attack_damage_30,DOTA_ABILITY_BEHAVIOR_PASSIVE,0,,,,,,,,,,,,,,,
primal_beast,11,special_bonus_unique_primal_beast_trample_magic_resist,DOTA_ABILITY_BEHAVIOR_PASSIVE,0,,,,,,,,,,,,,,,
primal_beast,12,special_bonus_unique_primal_beast_trample_cooldown,DOTA_ABILITY_BEHAVIOR_PASSIVE,0,,,,,,,,,,,,,,,
primal_beast,13,special_bonus_unique_primal_beast_uproar_armor,DOTA_ABILITY_BEHAVIOR_PASSIVE,0,,,,,,,,,,,,,,,
primal_beast,14,special_bonus_unique_primal_beast_trample_attack_damage,DOTA_ABILITY_BEHAVIOR_PASSIVE,0,,,,,,,,,,,,,,,
primal_beast,15,special_bonus_unique_primal_beast_roar_dispells,DOTA_ABILITY_BEHAVIOR_PASSIVE,0,,,,,,,,,,,,,,,
primal_beast,16,special_bonus_unique_primal_beast_colossal_trample,,,,,,,,,,,,,,,,,
primal_beast,17,special_bonus_unique_primal_beast_pulverize_duration,DOTA_ABILITY_BEHAVIOR_PASSIVE,0,,,,,,,,,,,,,,,
puck,1,puck_illusory_orb,DOTA_ABILITY_BEHAVIOR_ALT_CASTABLE|DOTA_ABILITY_BEHAVIOR_POINT,0.1 0.1 0.1 0.1 0.1,DAMAGE_TYPE_MAGICAL,,,,,,,,,,,,,,
puck,2,puck_waning_rift,DOTA_ABILITY_BEHAVIOR_AOE|DOTA_ABILITY_BEHAVIOR_POINT,0.1,DAMAGE_TYPE_MAGICAL,,,1,hard_disable,,1,,1,1,1,1,,,
puck,3,puck_phase_shift,DOTA_ABILITY_BEHAVIOR_CHANNELLED|DOTA_ABILITY_BEHAVIOR_DONT_RESUME_ATTACK|DOTA_ABILITY_BEHAVIOR_DONT_RESUME_MOVEMENT|DOTA_ABILITY_BEHAVIOR_NO_TARGET,0.01,,,,1,channel_start,,,,,,,,,,
puck,4,puck_ethereal_jaunt,DOTA_ABILITY_BEHAVIOR_DONT_RESUME_ATTACK|DOTA_ABILITY_BEHAVIOR_NOT_LEARNABLE|DOTA_ABILITY_BEHAVIOR_NO_TARGET|DOTA_ABILITY_BEHAVIOR_ROOT_DISABLES,0.0 0.0 0.0 0.0,,,,,,,,,,,,,,,
puck,5,puck_puckish,DOTA_ABILITY_BEHAVIOR_PASSIVE,0,,,,,,,,,,,,,,,
puck,6,puck_dream_coil,DOTA_ABILITY_BEHAVIOR_AOE|DOTA_ABILITY_BEHAVIOR_POINT,0.1 0.1 0.1,DAMAGE_TYPE_MAGICAL,,,1,hard_disable,,1,,1,1,1,1,,,
puck,10,special_bonus_unique_puck_orb_damage,,,,,,,,,,,,,,,,,
puck,11,special_bonus_unique_puck_7,,,,,,,,,,,,,,,,,
puck,12,special_bonus_unique_puck,,,,,,,,,,,,,,,,,
puck,13,special_bonus_unique_puck_6,,,,,,,,,,,,,,,,,
puck,14,special_bonus_unique_puck_2,,,,,,,,,,,,,,,,,
puck,15,special_bonus_unique_puck_coil_damage,,,,,,,,,,,,,,,,,
puck,16,special_bonus_unique_puck_5,,,,,,,,,,,,,,,,,
puck,17,special_bonus_unique_puck_rift_radius,,,,,,,,,,,,,,,,,
pudge,1,pudge_meat_hook,DOTA_ABILITY_BEHAVIOR_IGNORE_BACKSWING|DOTA_ABILITY_BEHAVIOR_POINT,0.3 0.3 0.3 0.3,DAMAGE_TYPE_PURE,,,1,gap_close,,,,1,1,1,1,,,
pudge,2,pudge_rot,DOTA_ABILITY_BEHAVIOR_IGNORE_BACKSWING|DOTA_ABILITY_BEHAVIOR_IGNORE_CHANNEL|DOTA_ABILITY_BEHAVIOR_NO_TARGET|DOTA_ABILITY_BEHAVIOR_TOGGLE,0 0 0 0,DAMAGE_TYPE_MAGICAL,,,,,,,,,,,,,,
pudge,3,pudge_flesh_heap,DOTA_ABILITY_BEHAVIOR_IGNORE_BACKSWING|DOTA_ABILITY_BEHAVIOR_IGNORE_CHANNEL|DOTA_ABILITY_BEHAVIOR_IMMEDIATE|DOTA_ABILITY_BEHAVIOR_NO_TARGET,0,,,,,,,,,,,,,,,
pudge,5,pudge_innate_graft_flesh,DOTA_ABILITY_BEHAVIOR_FORCE_NO_INNATE_UI|DOTA_ABILITY_BEHAVIOR_HIDDEN|DOTA_ABILITY_BEHAVIOR_PASSIVE,0,,,,,,,,,,,,,,,
pudge,6,pudge_dismember,DOTA_ABILITY_BEHAVIOR_CHANNELLED|DOTA_ABILITY_BEHAVIOR_IGNORE_BACKSWING|DOTA_ABILITY_BEHAVIOR_UNIT_TARGET,0.3 0.3 0.3,DAMAGE_TYPE_MAGICAL,,,1,channel_start,1,1,,1,1,1,1,,1,1
pudge,10,special_bonus_armor_5,DOTA_ABILITY_BEHAVIOR_PASSIVE,0,,,,,,,,,,,,,,,
pudge,11,special_bonus_unique_pudge_4,,,,,,,,,,,,,,,,,
pudge,12,special_bonus_spell_lifesteal_8,DOTA_ABILITY_BEHAVIOR_PASSIVE,0,,,,,,,,,,,,,,,
pudge,13,special_bonus_unique_pudge_7,,,,,,,,,,,,,,,,,
pudge,14,special_bonus_unique_pudge_6,,,,,,,,,,,,,,,,,
pudge,15,special_bonus_unique_pudge_5,,,,,,,,,,,,,,,,,
pudge,16,special_bonus_unique_pudge_3,,,,,,,,,,,,,,,,,
pudge,17,special_bonus_unique_pudge_1,,,,,,,,,,,,,,,,,
pugna,1,pugna_nether_blast,DOTA_ABILITY_BEHAVIOR_AOE|DOTA_ABILITY_BEHAVIOR_IGNORE_BACKSWING|DOTA_ABILITY_BEHAVIOR_POINT,0.2 0.2 0.2 0.2,DAMAGE_TYPE_MAGICAL,,,,,,,,,,,,,,
pugna,2,pugna_decrepify,DOTA_ABILITY_BEHAVIOR_DONT_RESUME_ATTACK|DOTA_ABILITY_BEHAVIOR_UNIT_TARGET,0.2 0.2 0.2 0.2,,,,,,,,,,,,,,,
pugna,3,pugna_nether_ward,DOTA_ABILITY_BEHAVIOR_POINT,0.2 0.2 0.2 0.2,DAMAGE_TYPE_MAGICAL,,,,,,,,,,,,,,
pugna,4,pugna_oblivion_savant,DOTA_ABILITY_BEHAVIOR_PASSIVE,0,,,,,,,,,,,,,,,
pugna,6,pugna_life_drain,DOTA_ABILITY_BEHAVIOR_CHANNELLED|DOTA_ABILITY_BEHAVIOR_IGNORE_BACKSWING|DOTA_ABILITY_BEHAVIOR_UNIT_TARGET,0.2 0.2 0.2,DAMAGE_TYPE_MAGICAL,,,1,channel_start,1,1,,1,1,1,1,,1,1
pugna,10,special_bonus_unique_pugna_4,,,,,,,,,,,,,,,,,
pugna,11,special_bonus_unique_pugna_6,,,,,,,,,,,,,,,,,
pugna,12,special_bonus_unique_pugna_decrepify_ally_movespeed,,,,,,,,,,,,,,,,,
pugna,13,special_bonus_hp_250,DOTA_ABILITY_BEHAVIOR_PASSIVE,0,,,,,,,,,,,,,,,
pugna,14,special_bonus_unique_pugna_1,,,,,,,,,,,,,,,,,
pugna,15,special_bonus_unique_pugna_5,,,,,,,,,,,,,,,,,
pugna,16,special_bonus_unique_pugna_2,,,,,,,,,,,,,,,,,
pugna,17,special_bonus_unique_pugna_3,,,,,,,,,,,,,,,,,
queenofpain,1,queenofpain_shadow_strike,DOTA_ABILITY_BEHAVIOR_UNIT_TARGET,0.3,DAMAGE_TYPE_MAGICAL,,,,,,,,,,,,,,
queenofpain,2,queenofpain_blink,DOTA_ABILITY_BEHAVIOR_OVERSHOOT|DOTA_ABILITY_BEHAVIOR_POINT|DOTA_ABILITY_BEHAVIOR_ROOT_DISABLES,0.33 0.33 0.33 0.33,,,,,,,,,1,,,,,,
queenofpain,3,queenofpain_scream_of_pain,DOTA_ABILITY_BEHAVIOR_NO_TARGET,0.0 0.0 0.0 0.0,DAMAGE_TYPE_MAGICAL,,,,,,,,,,,,,,
queenofpain,4,queenofpain_succubus,DOTA_ABILITY_BEHAVIOR_INNATE_UI|DOTA_ABILITY_BEHAVIOR_PASSIVE,0,,,,,,,,,,,,,,,
queenofpain,6,queenofpain_sonic_wave,DOTA_ABILITY_BEHAVIOR_DIRECTIONAL|DOTA_ABILITY_BEHAVIOR_POINT,0.452 0.452 0.452,DAMAGE_TYPE_PURE,,,,,,,,,,,,,,
queenofpain,10,special_bonus_unique_queen_of_pain_1,,,,,,,,,,,,,,,,,
queenofpain,11,special_bonus_strength_7,DOTA_ABILITY_BEHAVIOR_PASSIVE,0,,,,,,,,,,,,,,,
queenofpain,12,special_bonus_unique_queen_of_pain_4,,,,,,,,,,,,,,,,,
queenofpain,13,special_bonus_attack_damage_30,DOTA_ABILITY_BEHAVIOR_PASSIVE,0,,,,,,,,,,,,,,,
queenofpain,14,special_bonus_unique_queen_of_pain_2,,,,,,,,,,,,,,,,,
queenofpain,15,special_bonus_unique_queen_of_pain_3,,,,,,,,,,,,,,,,,
queenofpain,16,special_bonus_unique_queen_of_pain_6,,,,,,,,,,,,,,,,,
queenofpain,17,special_bonus_unique_queen_of_pain_7,,,,,,,,,,,,,,,,,
rattletrap,1,rattletrap_battery_assault,DOTA_ABILITY_BEHAVIOR_IGNORE_BACKSWING|DOTA_ABILITY_BEHAVIOR_IMMEDIATE|DOTA_ABILITY_BEHAVIOR_NO_TARGET,0,DAMAGE_TYPE_MAGICAL,,,,,,,,,,,,,,
rattletrap,2,rattletrap_power_cogs,DOTA_ABILITY_BEHAVIOR_NO_TARGET,0.2,DAMAGE_TYPE_MAGICAL,,,,,,,,,,,,,,
rattletrap,3,rattletrap_rocket_flare,DOTA_ABILITY_BEHAVIOR_AOE|DOTA_ABILITY_BEHAVIOR_IGNORE_BACKSWING|DOTA_ABILITY_BEHAVIOR_POINT,0.3 0.3 0.3 0.3,DAMAGE_TYPE_MAGICAL,,,,,,,,,,,,,,
rattletrap,4,rattletrap_overclocking,DOTA_ABILITY_BEHAVIOR_HIDDEN|DOTA_ABILITY_BEHAVIOR_IMMEDIATE|DOTA_ABILITY_BEHAVIOR_NO_TARGET|DOTA_ABILITY_BEHAVIOR_SHOW_IN_GUIDES,0,,,1,,,,,,,,,,,,
rattletrap,5,rattletrap_jetpack,DOTA_ABILITY_BEHAVIOR_HIDDEN|DOTA_ABILITY_BEHAVIOR_NO_TARGET|DOTA_ABILITY_BEHAVIOR_SHOW_IN_GUIDES,0,,1,,,,,,,,,,,,,
rattletrap,6,rattletrap_hookshot,DOTA_ABILITY_BEHAVIOR_IGNORE_BACKSWING|DOTA_ABILITY_BEHAVIOR_POINT,0.3 0.3 0.3 0.3,DAMAGE_TYPE_MAGICAL,,,1,gap_close,,1,,1,1,1,1,,,
rattletrap,7,rattletrap_armor_power,DOTA_ABILITY_BEHAVIOR_PASSIVE,0,,,,,,,,,,,,,,,
rattletrap,8,rattletrap_jetpack_toggle,DOTA_ABILITY_BEHAVIOR_HIDDEN|DOTA_ABILITY_BEHAVIOR_IGNORE_CHANNEL|DOTA_ABILITY_BEHAVIOR_NO_TARGET|DOTA_ABILITY_BEHAVIOR_TOGGLE,0 0 0,,,,,,,,,,,,,,,
rattletrap,10,special_bonus_mp_regen_150,DOTA_ABILITY_BEHAVIOR_PASSIVE,0,,,,,,,,,,,,,,,
rattletrap,11,special_bonus_unique_clockwerk_hookshot_damage,,,,,,,,,,,,,,,,,
rattletrap,12,special_bonus_unique_clockwerk_5,,,,,,,,,,,,,,,,,
rattletrap,13,special_bonus_unique_clockwerk_3,,,,,,,,,,,,,,,,,
rattletrap,14,special_bonus_unique_clockwerk_4,,,,,,,,,,,,,,,,,
rattletrap,15,special_bonus_unique_clockwerk_2,,,,,,,,,,,,,,,,,
rattletrap,16,special_bonus_unique_clockwerk_rocket_flare_charges,,,,,,,,,,,,,,,,,
rattletrap,17,special_bonus_unique_clockwerk,,,,,,,,,,,,,,,,,
razor,1,razor_plasma_field,DOTA_ABILITY_BEHAVIOR_IMMEDIATE|DOTA_ABILITY_BEHAVIOR_NO_TARGET,0 0 0 0,DAMAGE_TYPE_MAGICAL,,,,,,,,,,,,,,
razor,2,razor_static_link,DOTA_ABILITY_BEHAVIOR_IGNORE_BACKSWING|DOTA_ABILITY_BEHAVIOR_UNIT_TARGET,0.3 0.3 0.3 0.3,,,,,,,1,,,1,1,1,,,1
razor,3,razor_storm_surge,DOTA_ABILITY_BEHAVIOR_PASSIVE,0,DAMAGE_TYPE_MAGICAL,,,,,,,,,,,,,,
razor,4,razor_unstable_current,DOTA_ABILITY_BEHAVIOR_INNATE_UI|DOTA_ABILITY_BEHAVIOR_PASSIVE,0,,,,,,,,,,,,,,,
razor,6,razor_eye_of_the_storm,DOTA_ABILITY_BEHAVIOR_IMMEDIATE|DOTA_ABILITY_BEHAVIOR_NO_TARGET,0,DAMAGE_TYPE_PHYSICAL,,,,,,,,,,,,,,
razor,10,special_bonus_unique_razor_4,,,,,,,,,,,,,,,,,
razor,11,special_bonus_armor_4,DOTA_ABILITY_BEHAVIOR_PASSIVE,0,,,,,,,,,,,,,,,
razor,12,special_bonus_unique_razor,,,,,,,,,,,,,,,,,
razor,13,special_bonus_strength_12,DOTA_ABILITY_BEHAVIOR_PASSIVE,0,,,,,,,,,,,,,,,
razor,14,special_bonus_unique_razor_storm_surge_damage_and_slow,,,,,,,,,,,,,,,,,
razor,15,special_bonus_unique_razor_2,,,,,,,,,,,,,,,,,
razor,16,special_bonus_unique_razor_plasmafield_second_ring,,,,,,,,,,,,,,,,,
razor,17,special_bonus_unique_razor_static_link_aspd,,,,,,,,,,,,,,,,,
riki,1,riki_smoke_screen,DOTA_ABILITY_BEHAVIOR_AOE|DOTA_ABILITY_BEHAVIOR_IGNORE_BACKSWING|DOTA_ABILITY_BEHAVIOR_POINT,0.2,,,,,,,,,,,,,,,
riki,2,riki_blink_strike,DOTA_ABILITY_BEHAVIOR_IGNORE_BACKSWING|DOTA_ABILITY_BEHAVIOR_ROOT_DISABLES|DOTA_ABILITY_BEHAVIOR_UNIT_TARGET,0.3,DAMAGE_TYPE_PHYSICAL,,,,,,,,,,,,,,
riki,3,riki_tricks_of_the_trade,DOTA_ABILITY_BEHAVIOR_AOE|DOTA_ABILITY_BEHAVIOR_CHANNELLED|DOTA_ABILITY_BEHAVIOR_POINT,0.3,DAMAGE_TYPE_PHYSICAL,,,1,channel_start,,,,,,,,,,
riki,4,riki_innate_backstab,DOTA_ABILITY_BEHAVIOR_HIDDEN|DOTA_ABILITY_BEHAVIOR_NOT_LEARNABLE DOTA_ABILITY_BEHAVIOR_FORCE_NO_INNATE_UI|DOTA_ABILITY_BEHAVIOR_PASSIVE,0,DAMAGE_TYPE_PHYSICAL,,,,,,,,,,,,,,
riki,6,riki_backstab,DOTA_ABILITY_BEHAVIOR_PASSIVE,0,,,,,,,,,,,,,,,
riki,10,special_bonus_unique_riki_7,,,,,,,,,,,,,,,,,
riki,11,special_bonus_unique_riki_8,,,,,,,,,,,,,,,,,
riki,12,special_bonus_unique_riki_tricks_dmg,,,,,,,,,,,,,,,,,
riki,13,special_bonus_unique_riki_3,,,,,,,,,,,,,,,,,
riki,14,special_bonus_unique_riki_1,,,,,,,,,,,,,,,,,
riki,15,special_bonus_unique_riki_5,,,,,,,,,,,,,,,,,
riki,16,special_bonus_unique_riki_6,,,,,,,,,,,,,,,,,
riki,17,special_bonus_unique_riki_9,,,,,,,,,,,,,,,,,
ringmaster,1,ringmaster_tame_the_beasts,DOTA_ABILITY_BEHAVIOR_AOE|DOTA_ABILITY_BEHAVIOR_CHANNELLED|DOTA_ABILITY_BEHAVIOR_POINT,0,DAMAGE_TYPE_MAGICAL,,,1,channel_start,,,,,,,,,,
ringmaster,2,ringmaster_the_box,DOTA_ABILITY_BEHAVIOR_IGNORE_BACKSWING|DOTA_ABILITY_BEHAVIOR_UNIT_TARGET,0.4,,,,,,,1,,1,1,1,1,,,
ringmaster,3,ringmaster_impalement,DOTA_ABILITY_BEHAVIOR_POINT,0.3,DAMAGE_TYPE_MAGICAL,,,1,hard_disable,,1,,1,1,1,1,,,
ringmaster,4,ringmaster_empty_souvenir,DOTA_ABILITY_BEHAVIOR_IS_FAKE_ITEM|DOTA_ABILITY_BEHAVIOR_NOT_LEARNABLE|DOTA_ABILITY_BEHAVIOR_PASSIVE,0,,,,,,,,,,,,,,,
ringmaster,5,ringmaster_spotlight,DOTA_ABILITY_BEHAVIOR_AOE|DOTA_ABILITY_BEHAVIOR_POINT,0.5,DAMAGE_TYPE_MAGICAL,1,,,,,,,,,,,,,
ringmaster,6,ringmaster_wheel,DOTA_ABILITY_BEHAVIOR_AOE|DOTA_ABILITY_BEHAVIOR_POINT,0.2,DAMAGE_TYPE_MAGICAL,,,1,hard_disable,,1,,1,1,1,1,,,
ringmaster,7,ringmaster_tame_the_beasts_crack,DOTA_ABILITY_BEHAVIOR_HIDDEN|DOTA_ABILITY_BEHAVIOR_IGNORE_CHANNEL|DOTA_ABILITY_BEHAVIOR_IMMEDIATE|DOTA_ABILITY_BEHAVIOR_NOT_LEARNABLE|DOTA_ABILITY_BEHAVIOR_NO_TARGET,0,DAMAGE_TYPE_MAGICAL,,,,,,,,,,,,,,
ringmaster,10,special_bonus_unique_ringmaster_dagger_charge,,,,,,,,,,,,,,,,,
ringmaster,11,special_bonus_unique_ringmaster_whip_radius,DOTA_ABILITY_BEHAVIOR_PASSIVE,0,,,,,,,,,,,,,,,
ringmaster,12,special_bonus_unique_ringmaster_dagger_penetrates,DOTA_ABILITY_BEHAVIOR_PASSIVE,0,,,,,,,,,,,,,,,
ringmaster,13,special_bonus_unique_ringmaster_whip_debuff_immunity,DOTA_ABILITY_BEHAVIOR_PASSIVE,0,,,,,,,,,,,,,,,
ringmaster,14,special_bonus_unique_ringmaster_dagger_bleed_and_slow_duration,DOTA_ABILITY_BEHAVIOR_PASSIVE,0,,,,,,,,,,,,,,,
ringmaster,15,special_bonus_unique_ringmaster_whip_damage,DOTA_ABILITY_BEHAVIOR_PASSIVE,0,,,,,,,,,,,,,,,
ringmaster,16,special_bonus_unique_ringmaster_wheel_radius,DOTA_ABILITY_BEHAVIOR_PASSIVE,0,,,,,,,,,,,,,,,
ringmaster,17,special_bonus_unique_ringmaster_the_box_strong_dispel_and_flying,DOTA_ABILITY_BEHAVIOR_PASSIVE,0,,,,,,,,,,,,,,,
rubick,1,rubick_telekinesis,DOTA_ABILITY_BEHAVIOR_IGNORE_BACKSWING|DOTA_ABILITY_BEHAVIOR_UNIT_TARGET,0.1 0.1 0.1 0.1,,,,1,hard_disable,,1,,1,,1,1,,,
rubick,2,rubick_fade_bolt,DOTA_ABILITY_BEHAVIOR_UNIT_TARGET,0.1 0.1 0.1 0.1,DAMAGE_TYPE_MAGICAL,,,,,,,,,,,,,,
rubick,3,rubick_arcane_supremacy,DOTA_ABILITY_BEHAVIOR_PASSIVE,0,,,,,,,,,,,,,,,
rubick,4,rubick_empty1,DOTA_ABILITY_BEHAVIOR_NOT_LEARNABLE|DOTA_ABILITY_BEHAVIOR_PASSIVE,0,,,,,,,,,,,,,,,
rubick,5,rubick_empty2,DOTA_ABILITY_BEHAVIOR_NOT_LEARNABLE|DOTA_ABILITY_BEHAVIOR_PASSIVE,0,,,,,,,,,,,,,,,
rubick,6,rubick_spell_steal,DOTA_ABILITY_BEHAVIOR_UNIT_TARGET,0.1 0.1 0.1,,,,,,,,,,,,,,,
rubick,7,rubick_telekinesis_land,DOTA_ABILITY_BEHAVIOR_AOE|DOTA_ABILITY_BEHAVIOR_DONT_CANCEL_CHANNEL|DOTA_ABILITY_BEHAVIOR_DONT_CANCEL_MOVEMENT|DOTA_ABILITY_BEHAVIOR_HIDDEN|DOTA_ABILITY_BEHAVIOR_IGNORE_CHANNEL|DOTA_ABILITY_BEHAVIOR_IMMEDIATE|DOTA_ABILITY_BEHAVIOR_POINT,0,,,,,,,,,,,,,,,
rubick,8,rubick_hidden1,DOTA_ABILITY_BEHAVIOR_HIDDEN|DOTA_ABILITY_BEHAVIOR_NOT_LEARNABLE,0,,,,,,,,,,,,,,,
rubick,9,rubick_hidden2,DOTA_ABILITY_BEHAVIOR_HIDDEN|DOTA_ABILITY_BEHAVIOR_NOT_LEARNABLE,0,,,,,,,,,,,,,,,
rubick,10,rubick_curiosity,DOTA_ABILITY_BEHAVIOR_FORCE_NO_INNATE_UI|DOTA_ABILITY_BEHAVIOR_HIDDEN|DOTA_ABILITY_BEHAVIOR_PASSIVE,0,,,,,,,,,,,,,,,
rubick,11,rubick_telekinesis_land_self,DOTA_ABILITY_BEHAVIOR_AOE|DOTA_ABILITY_BEHAVIOR_HIDDEN|DOTA_ABILITY_BEHAVIOR_IGNORE_PSEUDO_QUEUE|DOTA_ABILITY_BEHAVIOR_IMMEDIATE|DOTA_ABILITY_BEHAVIOR_POINT,0,,,,,,,,,,,,,,,
rubick,12,special_bonus_unique_rubick_4,,,,,,,,,,,,,,,,,
rubick,13,special_bonus_hp_200,DOTA_ABILITY_BEHAVIOR_PASSIVE,0,,,,,,,,,,,,,,,
rubick,14,special_bonus_unique_rubick_6,,,,,,,,,,,,,,,,,
rubick,15,special_bonus_unique_rubick_3,,,,,,,,,,,,,,,,,
rubick,16,special_bonus_unique_rubick_fade_bolt_spell_reduction,,,,,,,,,,,,,,,,,
rubick,17,special_bonus_unique_rubick_8,,,,,,,,,,,,,,,,,
sand_king,1,sandking_burrowstrike,DOTA_ABILITY_BEHAVIOR_ALT_CASTABLE|DOTA_ABILITY_BEHAVIOR_POINT|DOTA_ABILITY_BEHAVIOR_ROOT_DISABLES,0.0 0.0 0.0 0.0,DAMAGE_TYPE_MAGICAL,,,1,hard_disable,,1,,1,1,1,1,,,
sand_king,2,sandking_sand_storm,DOTA_ABILITY_BEHAVIOR_DONT_RESUME_ATTACK|DOTA_ABILITY_BEHAVIOR_NO_TARGET,0.0 0.0 0.0 0.0,DAMAGE_TYPE_MAGICAL,,,,,,,,,,,,,,
sand_king,3,sandking_scorpion_strike,DOTA_ABILITY_BEHAVIOR_AOE|DOTA_ABILITY_BEHAVIOR_IGNORE_BACKSWING|DOTA_ABILITY_BEHAVIOR_POINT,0.4,DAMAGE_TYPE_PHYSICAL,,,,,,,,,,,,,,
sand_king,4,sandking_caustic_finale,DOTA_ABILITY_BEHAVIOR_FORCE_NO_INNATE_UI|DOTA_ABILITY_BEHAVIOR_HIDDEN|DOTA_ABILITY_BEHAVIOR_NOT_LEARNABLE|DOTA_ABILITY_BEHAVIOR_PASSIVE|DOTA_ABILITY_BEHAVIOR_SKIP_FOR_KEYBINDS,0,DAMAGE_TYPE_MAGICAL,,,,,,,,,,,,,,
sand_king,6,sandking_epicenter,DOTA_ABILITY_BEHAVIOR_IGNORE_BACKSWING|DOTA_ABILITY_BEHAVIOR_NO_TARGET,2,DAMAGE_TYPE_MAGICAL,,,1,hard_disable,,1,,1,1,1,1,,,
sand_king,10,special_bonus_unique_sand_king_3,,,,,,,,,,,,,,,,,
sand_king,11,special_bonus_unique_sand_king_caustic_finale_radius,,,,,,,,,,,,,,,,,
sand_king,12,special_bonus_unique_sand_king_2,,,,,,,,,,,,,,,,,
sand_king,13,special_bonus_unique_sand_king_8,,,,,,,,,,,,,,,,,
sand_king,14,special_bonus_unique_sand_king_7,,,,,,,,,,,,,,,,,
sand_king,15,special_bonus_unique_sand_king,,,,,,,,,,,,,,,,,
sand_king,16,special_bonus_unique_sand_king_scorpion_strike_damage,,,,,,,,,,,,,,,,,
sand_king,17,special_bonus_unique_sand_king_4,,,,,,,,,,,,,,,,,
shadow_demon,1,shadow_demon_disruption,DOTA_ABILITY_BEHAVIOR_DONT_RESUME_ATTACK|DOTA_ABILITY_BEHAVIOR_UNIT_TARGET,0.3,,,,1,hard_disable,,1,,1,1,1,1,,,
shadow_demon,2,shadow_demon_disseminate,DOTA_ABILITY_BEHAVIOR_AOE|DOTA_ABILITY_BEHAVIOR_UNIT_TARGET,0.3 0.3 0.3 0.3,,,,,,,,,,,,,,,
shadow_demon,3,shadow_demon_shadow_poison,DOTA_ABILITY_BEHAVIOR_AOE|DOTA_ABILITY_BEHAVIOR_IGNORE_BACKSWING|DOTA_ABILITY_BEHAVIOR_POINT,0.25,DAMAGE_TYPE_MAGICAL,,,,,,,,,,,,,,
shadow_demon,4,shadow_demon_shadow_poison_release,DOTA_ABILITY_BEHAVIOR_IGNORE_BACKSWING|DOTA_ABILITY_BEHAVIOR_NOT_LEARNABLE|DOTA_ABILITY_BEHAVIOR_NO_TARGET,0.3,,,,,,,,,,,,,,,
shadow_demon,5,shadow_demon_demonic_cleanse,DOTA_ABILITY_BEHAVIOR_NOT_LEARNABLE|DOTA_ABILITY_BEHAVIOR_UNIT_TARGET,0.3,,1,,,,,,,,,,,,,
shadow_demon,6,shadow_demon_demonic_purge,DOTA_ABILITY_BEHAVIOR_UNIT_TARGET,0.3 0.3 0.3,DAMAGE_TYPE_MAGICAL,,,1,hard_disable,,1,,1,1,1,1,,,
shadow_demon,7,shadow_demon_menace,DOTA_ABILITY_BEHAVIOR_FORCE_NO_INNATE_UI|DOTA_ABILITY_BEHAVIOR_HIDDEN|DOTA_ABILITY_BEHAVIOR_PASSIVE,0,,,,,,,,,,,,,,,
shadow_demon,10,special_bonus_unique_shadow_demon_4,,,,,,,,,,,,,,,,,
shadow_demon,11,special_bonus_strength_8,DOTA_ABILITY_BEHAVIOR_PASSIVE,0,,,,,,,,,,,,,,,
shadow_demon,12,special_bonus_movement_speed_25,DOTA_ABILITY_BEHAVIOR_PASSIVE,0,,,,,,,,,,,,,,,
shadow_demon,13,special_bonus_unique_shadow_demon_3,,,,,,,,,,,,,,,,,
shadow_demon,14,special_bonus_unique_shadow_demon_disseminate_damage,,,,,,,,,,,,,,,,,
shadow_demon,15,special_bonus_unique_shadow_demon_9,,,,,,,,,,,,,,,,,
shadow_demon,16,special_bonus_unique_shadow_demon_purge_poison,,,,,,,,,,,,,,,,,
shadow_demon,17,special_bonus_unique_shadow_demon_7,,,,,,,,,,,,,,,,,
shadow_shaman,1,shadow_shaman_ether_shock,DOTA_ABILITY_BEHAVIOR_UNIT_TARGET,0.3 0.3 0.3 0.3,DAMAGE_TYPE_MAGICAL,,,,,,,,,,,,,,
shadow_shaman,2,shadow_shaman_voodoo,DOTA_ABILITY_BEHAVIOR_UNIT_TARGET,0 0 0 0,,,,1,hard_disable,,1,,1,1,1,1,,,
shadow_shaman,3,shadow_shaman_shackles,DOTA_ABILITY_BEHAVIOR_CHANNELLED|DOTA_ABILITY_BEHAVIOR_UNIT_TARGET,0.3 0.3 0.3 0.3,DAMAGE_TYPE_MAGICAL,,,1,channel_start,1,1,,1,1,1,1,,,1
shadow_shaman,4,shadow_shaman_fowl_play,DOTA_ABILITY_BEHAVIOR_PASSIVE|DOTA_ABILITY_BEHAVIOR_SKIP_FOR_KEYBINDS,0,,,,,,,,,,,,,,,
shadow_shaman,5,shadow_shaman_urnaconda,DOTA_ABILITY_BEHAVIOR_AOE|DOTA_ABILITY_BEHAVIOR_NOT_LEARNABLE|DOTA_ABILITY_BEHAVIOR_POINT,0.3,,1,,,,,,,,,,,,,
shadow_shaman,6,shadow_shaman_mass_serpent_ward,DOTA_ABILITY_BEHAVIOR_AOE|DOTA_ABILITY_BEHAVIOR_POINT,0.3,DAMAGE_TYPE_PHYSICAL,,,,,,,,,,,,,,
shadow_shaman,10,special_bonus_unique_shadow_shaman_6,,,,,,,,,,,,,,,,,
shadow_shaman,11,special_bonus_mp_regen_175,DOTA_ABILITY_BEHAVIOR_PASSIVE,0,,,,,,,,,,,,,,,
shadow_shaman,12,special_bonus_unique_shadow_shaman_8,,,,,,,,,,,,,,,,,
shadow_shaman,13,special_bonus_unique_shadow_shaman_7,,,,,,,,,,,,,,,,,
shadow_shaman,14,special_bonus_unique_shadow_shaman_2,,,,,,,,,,,,,,,,,
shadow_shaman,15,special_bonus_unique_shadow_shaman_1,,,,,,,,,,,,,,,,,
shadow_shaman,16,special_bonus_unique_shadow_shaman_3,,,,,,,,,,,,,,,,,
shadow_shaman,17,special_bonus_unique_shadow_shaman_4,,,,,,,,,,,,,,,,,
shredder,1,shredder_whirling_death,DOTA_ABILITY_BEHAVIOR_IGNORE_BACKSWING|DOTA_ABILITY_BEHAVIOR_IMMEDIATE|DOTA_ABILITY_BEHAVIOR_NO_TARGET,0.0 0.0 0.0 0.0,DAMAGE_TYPE_PURE,,,,,,,,,,,,,,
shredder,2,shredder_timber_chain,DOTA_ABILITY_BEHAVIOR_IGNORE_BACKSWING|DOTA_ABILITY_BEHAVIOR_POINT|DOTA_ABILITY_BEHAVIOR_ROOT_DISABLES,0.3 0.3 0.3 0.3,DAMAGE_TYPE_PURE,,,,,,,,,,,,,,
shredder,3,shredder_reactive_armor,DOTA_ABILITY_BEHAVIOR_PASSIVE,0,DAMAGE_TYPE_MAGICAL,,,,,,,,,,,,,,
shredder,5,shredder_flamethrower,DOTA_ABILITY_BEHAVIOR_HIDDEN|DOTA_ABILITY_BEHAVIOR_IMMEDIATE|DOTA_ABILITY_BEHAVIOR_NO_TARGET|DOTA_ABILITY_BEHAVIOR_SHOW_IN_GUIDES,0,DAMAGE_TYPE_MAGICAL,1,,,,,,,,,,,,,
shredder,6,shredder_chakram,DOTA_ABILITY_BEHAVIOR_AOE|DOTA_ABILITY_BEHAVIOR_IGNORE_BACKSWING|DOTA_ABILITY_BEHAVIOR_POINT,0.15,DAMAGE_TYPE_PURE,,,,,,,,,,,,,,
shredder,7,shredder_return_chakram,DOTA_ABILITY_BEHAVIOR_DONT_RESUME_ATTACK|DOTA_ABILITY_BEHAVIOR_HIDDEN|DOTA_ABILITY_BEHAVIOR_IGNORE_BACKSWING|DOTA_ABILITY_BEHAVIOR_IGNORE_CHANNEL|DOTA_ABILITY_BEHAVIOR_IMMEDIATE|DOTA_ABILITY_BEHAVIOR_NOT_LEARNABLE|DOTA_ABILITY_BEHAVIOR_NO_TARGET,0.0 0.0 0.0 0.0,,,,,,,,,,,,,,,
shredder,8,shredder_exposure_therapy,DOTA_ABILITY_BEHAVIOR_INNATE_UI|DOTA_ABILITY_BEHAVIOR_NOT_LEARNABLE|DOTA_ABILITY_BEHAVIOR_PASSIVE,0,,,,,,,,,,,,,,,
shredder,10,special_bonus_unique_timbersaw_reactive_armor_regen_per_stack,,,,,,,,,,,,,,,,,
shredder,11,special_bonus_mp_regen_150,DOTA_ABILITY_BEHAVIOR_PASSIVE,0,,,,,,,,,,,,,,,
shredder,12,special_bonus_unique_timbersaw_5,,,,,,,,,,,,,,,,,
shredder,13,special_bonus_unique_timbersaw_2,,,,,,,,,,,,,,,,,
shredder,14,special_bonus_unique_timbersaw_exposure_therapy_health,,,,,,,,,,,,,,,,,
shredder,15,special_bonus_unique_timbersaw_4,,,,,,,,,,,,,,,,,
shredder,16,special_bonus_unique_timbersaw,,,,,,,,,,,,,,,,,
shredder,17,special_bonus_unique_timbersaw_3,,,,,,,,,,,,,,,,,
silencer,1,silencer_curse_of_the_silent,DOTA_ABILITY_BEHAVIOR_AOE|DOTA_ABILITY_BEHAVIOR_POINT,0.3 0.3 0.3 0.3,DAMAGE_TYPE_MAGICAL,,,,,,,,,,,,,,
silencer,2,silencer_glaives_of_wisdom,DOTA_ABILITY_BEHAVIOR_ATTACK|DOTA_ABILITY_BEHAVIOR_AUTOCAST|DOTA_ABILITY_BEHAVIOR_UNIT_TARGET,0,DAMAGE_TYPE_MAGICAL,,,,,,,,,,,,,,
silencer,3,silencer_last_word,DOTA_ABILITY_BEHAVIOR_UNIT_TARGET,0.3,DAMAGE_TYPE_MAGICAL,,,1,hard_disable,,1,,1,,1,1,,,
silencer,4,silencer_brain_drain,DOTA_ABILITY_BEHAVIOR_NOT_LEARNABLE|DOTA_ABILITY_BEHAVIOR_PASSIVE,0,,,,,,,,,,,,,,,
silencer,6,silencer_global_silence,DOTA_ABILITY_BEHAVIOR_NO_TARGET,0.3 0.3 0.3,,,,,,,,,,,,,,,
silencer,7,silencer_oppressive_silence,DOTA_ABILITY_BEHAVIOR_HIDDEN|DOTA_ABILITY_BEHAVIOR_NOT_LEARNABLE|DOTA_ABILITY_BEHAVIOR_PASSIVE,0,,,,,,,,,,,,,,,
silencer,10,special_bonus_attack_speed_25,DOTA_ABILITY_BEHAVIOR_PASSIVE,0,,,,,,,,,,,,,,,
silencer,11,special_bonus_unique_silencer_brain_drain_damage,,,,,,,,,,,,,,,,,
silencer,12,special_bonus_unique_silencer_7,,,,,,,,,,,,,,,,,
silencer,13,special_bonus_unique_silencer_arcane_curse_duration,,,,,,,,,,,,,,,,,
silencer,14,special_bonus_unique_silencer_5,,,,,,,,,,,,,,,,,
silencer,15,special_bonus_unique_silencer_4,,,,,,,,,,,,,,,,,
silencer,16,special_bonus_unique_silencer_3,,,,,,,,,,,,,,,,,
silencer,17,special_bonus_unique_silencer_global_duration,,,,,,,,,,,,,,,,,
skeleton_king,1,skeleton_king_hellfire_blast,DOTA_ABILITY_BEHAVIOR_UNIT_TARGET,0.35 0.35 0.35 0.35,DAMAGE_TYPE_MAGICAL,,,,,,,,,,,,,,
skeleton_king,2,skeleton_king_bone_guard,DOTA_ABILITY_BEHAVIOR_NO_TARGET|DOTA_ABILITY_BEHAVIOR_SHOW_IN_GUIDES,0.1,DAMAGE_TYPE_PHYSICAL,,,,,,,,,,,,,,
skeleton_king,3,skeleton_king_mortal_strike,DOTA_ABILITY_BEHAVIOR_PASSIVE,0,,,,,,,,,,,,,,,
skeleton_king,4,skeleton_king_vampiric_spirit,DOTA_ABILITY_BEHAVIOR_NOT_LEARNABLE|DOTA_ABILITY_BEHAVIOR_PASSIVE,0,,,,,,,,,,,,,,,
skeleton_king,6,skeleton_king_reincarnation,DOTA_ABILITY_BEHAVIOR_CAN_SELF_CAST|DOTA_ABILITY_BEHAVIOR_UNIT_TARGET,0,,,,,,,1,,1,,,,,,
skeleton_king,10,special_bonus_unique_wraith_king_2,,,,,,,,,,,,,,,,,
skeleton_king,11,special_bonus_unique_wraith_king_facet_1,,,,,,,,,,,,,,,,,
skeleton_king,12,special_bonus_unique_wraith_king_11,,,,,,,,,,,,,,,,,
skeleton_king,13,special_bonus_hp_350,DOTA_ABILITY_BEHAVIOR_PASSIVE,0,,,,,,,,,,,,,,,
skeleton_king,14,special_bonus_attack_speed_50,DOTA_ABILITY_BEHAVIOR_PASSIVE,0,,,,,,,,,,,,,,,
skeleton_king,15,special_bonus_unique_wraith_king_facet_3,,,,,,,,,,,,,,,,,
skeleton_king,16,special_bonus_unique_wraith_king_10,,,,,,,,,,,,,,,,,
skeleton_king,17,special_bonus_unique_wraith_king_4,,,,,,,,,,,,,,,,,
skywrath_mage,1,skywrath_mage_arcane_bolt,DOTA_ABILITY_BEHAVIOR_UNIT_TARGET,0.1 0.1 0.1 0.1,DAMAGE_TYPE_MAGICAL,,,,,,,,,,,,,,
skywrath_mage,2,skywrath_mage_concussive_shot,DOTA_ABILITY_BEHAVIOR_NO_TARGET,0.0 0.0 0.0 0.0,DAMAGE_TYPE_MAGICAL,,,,,,,,,,,,,,
skywrath_mage,3,skywrath_mage_ancient_seal,DOTA_ABILITY_BEHAVIOR_UNIT_TARGET,0.1 0.1 0.1 0.1,,,,1,hard_disable,,1,,1,1,1,1,,,
skywrath_mage,5,skywrath_mage_shield_of_the_scion,DOTA_ABILITY_BEHAVIOR_FORCE_NO_INNATE_UI|DOTA_ABILITY_BEHAVIOR_HIDDEN|DOTA_ABILITY_BEHAVIOR_PASSIVE,0,,,,,,,,,,,,,,,
skywrath_mage,6,skywrath_mage_mystic_flare,DOTA_ABILITY_BEHAVIOR_AOE|DOTA_ABILITY_BEHAVIOR_IGNORE_BACKSWING|DOTA_ABILITY_BEHAVIOR_POINT,0.1 0.1 0.1 0.1,DAMAGE_TYPE_MAGICAL,,,1,hard_disable,,1,,1,1,1,1,,,
skywrath_mage,10,special_bonus_mp_regen_150,DOTA_ABILITY_BEHAVIOR_PASSIVE,0,,,,,,,,,,,,,,,
skywrath_mage,11,special_bonus_unique_skywrath_6,,,,,,,,,,,,,,,,,
skywrath_mage,12,special_bonus_unique_skywrath,,,,,,,,,,,,,,,,,
skywrath_mage,13,special_bonus_unique_skywrath_concussive_shot_slow,,,,,,,,,,,,,,,,,
skywrath_mage,14,special_bonus_unique_skywrath_4,,,,,,,,,,,,,,,,,
skywrath_mage,15,special_bonus_unique_skywrath_3,,,,,,,,,,,,,,,,,
skywrath_mage,16,special_bonus_unique_skywrath_2,,,,,,,,,,,,,,,,,
skywrath_mage,17,special_bonus_unique_skywrath_5,,,,,,,,,,,,,,,,,
slardar,1,slardar_sprint,DOTA_ABILITY_BEHAVIOR_IGNORE_CHANNEL|DOTA_ABILITY_BEHAVIOR_IMMEDIATE|DOTA_ABILITY_BEHAVIOR_NO_TARGET,0.0 0.0 0.0 0.0,,,,,,,,,,,,,,,
slardar,2,slardar_slithereen_crush,DOTA_ABILITY_BEHAVIOR_NO_TARGET,0.25,DAMAGE_TYPE_PHYSICAL,,,,,,,,,,,,,,
slardar,3,slardar_bash,DOTA_ABILITY_BEHAVIOR_PASSIVE,0,DAMAGE_TYPE_PHYSICAL,,,,,,,,,,,,,,
slardar,4,slardar_seaborn_sentinel,DOTA_ABILITY_BEHAVIOR_NOT_LEARNABLE|DOTA_ABILITY_BEHAVIOR_PASSIVE,0,,,,,,,,,,,,,,,
slardar,6,slardar_amplify_damage,DOTA_ABILITY_BEHAVIOR_UNIT_TARGET,0.3,,,,,,,,,,,,,,,
slardar,10,special_bonus_unique_slardar_7,,,,,,,,,,,,,,,,,
slardar,11,special_bonus_unique_slardar_2,,,,,,,,,,,,,,,,,
slardar,12,special_bonus_hp_250,DOTA_ABILITY_BEHAVIOR_PASSIVE,0,,,,,,,,,,,,,,,
slardar,13,special_bonus_unique_slardar_5,,,,,,,,,,,,,,,,,
slardar,14,special_bonus_unique_slardar,,,,,,,,,,,,,,,,,
slardar,15,special_bonus_unique_slardar_6,,,,,,,,,,,,,,,,,
slardar,16,special_bonus_unique_slardar_4,,,,,,,,,,,,,,,,,
slardar,17,special_bonus_unique_slardar_3,,,,,,,,,,,,,,,,,
slark,1,slark_dark_pact,DOTA_ABILITY_BEHAVIOR_IMMEDIATE|DOTA_ABILITY_BEHAVIOR_NO_TARGET,0.001 0.001 0.001 0.001,DAMAGE_TYPE_MAGICAL,,,,,,,,,,,,,,
slark,2,slark_pounce,DOTA_ABILITY_BEHAVIOR_NO_TARGET|DOTA_ABILITY_BEHAVIOR_ROOT_DISABLES,0,DAMAGE_TYPE_MAGICAL,,,1,gap_close,,1,,1,1,1,1,,,
slark,3,slark_saltwater_shiv,DOTA_ABILITY_BEHAVIOR_ATTACK|DOTA_ABILITY_BEHAVIOR_AUTOCAST|DOTA_ABILITY_BEHAVIOR_IGNORE_BACKSWING|DOTA_ABILITY_BEHAVIOR_UNIT_TARGET,0,DAMAGE_TYPE_PHYSICAL,,,,,,,,,,,,,,
slark,4,slark_depth_shroud,DOTA_ABILITY_BEHAVIOR_AOE|DOTA_ABILITY_BEHAVIOR_HIDDEN|DOTA_ABILITY_BEHAVIOR_POINT|DOTA_ABILITY_BEHAVIOR_SHOW_IN_GUIDES,0.1,,1,,,,,,,,,,,,,
slark,5,slark_essence_shift,DOTA_ABILITY_BEHAVIOR_AURA|DOTA_ABILITY_BEHAVIOR_FORCE_NO_INNATE_UI|DOTA_ABILITY_BEHAVIOR_HIDDEN|DOTA_ABILITY_BEHAVIOR_NOT_LEARNABLE|DOTA_ABILITY_BEHAVIOR_PASSIVE,0,,,,,,,,,,,,,,,
slark,6,slark_shadow_dance,DOTA_ABILITY_BEHAVIOR_IMMEDIATE|DOTA_ABILITY_BEHAVIOR_NO_TARGET,0,,,,,,,,,,,,,,,
slark,10,special_bonus_unique_slark_6,,,,,,,,,,,,,,,,,
slark,11,special_bonus_unique_slark,,,,,,,,,,,,,,,,,
slark,12,special_bonus_unique_slark_2,,,,,,,,,,,,,,,,,
slark,13,special_bonus_unique_slark_8,,,,,,,,,,,,,,,,,
slark,14,special_bonus_unique_slark_5,,,,,,,,,,,,,,,,,
slark,15,special_bonus_unique_slark_7,,,,,,,,,,,,,,,,,
slark,16,special_bonus_unique_slark_3,,,,,,,,,,,,,,,,,
slark,17,special_bonus_unique_slark_4,,,,,,,,,,,,,,,,,
snapfire,1,snapfire_scatterblast,DOTA_ABILITY_BEHAVIOR_POINT,0.4,DAMAGE_TYPE_MAGICAL,,,1,ult_burst,,1,,1,1,1,1,,,
snapfire,2,snapfire_firesnap_cookie,DOTA_ABILITY_BEHAVIOR_UNIT_TARGET,0.2,DAMAGE_TYPE_MAGICAL,,,,,,,,,,,,,,
snapfire,3,snapfire_lil_shredder,DOTA_ABILITY_BEHAVIOR_IGNORE_BACKSWING|DOTA_ABILITY_BEHAVIOR_NO_TARGET,0,DAMAGE_TYPE_PHYSICAL,,,,,,,,,,,,,,
snapfire,4,snapfire_gobble_up,DOTA_ABILITY_BEHAVIOR_DONT_RESUME_ATTACK|DOTA_ABILITY_BEHAVIOR_HIDDEN|DOTA_ABILITY_BEHAVIOR_SHOW_IN_GUIDES|DOTA_ABILITY_BEHAVIOR_UNIT_TARGET,0.3,,,1,,,,,,,,,,,,
snapfire,5,snapfire_spit_creep,DOTA_ABILITY_BEHAVIOR_AOE|DOTA_ABILITY_BEHAVIOR_DONT_RESUME_ATTACK|DOTA_ABILITY_BEHAVIOR_DONT_RESUME_MOVEMENT|DOTA_ABILITY_BEHAVIOR_POINT,0.3,DAMAGE_TYPE_MAGICAL,,1,,,,,,,,,,,,
snapfire,6,snapfire_mortimer_kisses,DOTA_ABILITY_BEHAVIOR_AOE|DOTA_ABILITY_BEHAVIOR_DONT_RESUME_ATTACK|DOTA_ABILITY_BEHAVIOR_DONT_RESUME_MOVEMENT|DOTA_ABILITY_BEHAVIOR_POINT,0.5,DAMAGE_TYPE_MAGICAL,,,1,hard_disable,,1,,1,1,1,1,,,
snapfire,7,snapfire_boomstick,DOTA_ABILITY_BEHAVIOR_NOT_LEARNABLE|DOTA_ABILITY_BEHAVIOR_PASSIVE,0,,,,,,,,,,,,,,,
snapfire,10,special_bonus_unique_snapfire_7,,,,,,,,,,,,,,,,,
snapfire,11,special_bonus_unique_snapfire_5,,,,,,,,,,,,,,,,,
snapfire,12,special_bonus_unique_snapfire_2,,,,,,,,,,,,,,,,,
snapfire,13,special_bonus_unique_snapfire_3,,,,,,,,,,,,,,,,,
snapfire,14,special_bonus_unique_snapfire_8,,,,,,,,,,,,,,,,,
snapfire,15,special_bonus_unique_snapfire_firesnap_cookie_additional_charge,,,,,,,,,,,,,,,,,
snapfire,16,special_bonus_unique_snapfire_6,,,,,,,,,,,,,,,,,
snapfire,17,special_bonus_unique_snapfire_1,,,,,,,,,,,,,,,,,
sniper,1,sniper_shrapnel,DOTA_ABILITY_BEHAVIOR_AOE|DOTA_ABILITY_BEHAVIOR_IGNORE_BACKSWING|DOTA_ABILITY_BEHAVIOR_POINT,0.3 0.3 0.3 0.3,DAMAGE_TYPE_MAGICAL,,,,,,,,,,,,,,
sniper,2,sniper_headshot,DOTA_ABILITY_BEHAVIOR_PASSIVE,0,DAMAGE_TYPE_PHYSICAL,,,,,,,,,,,,,,
sniper,3,sniper_take_aim,DOTA_ABILITY_BEHAVIOR_NO_TARGET,0 0 0 0,,,,,,,,,,,,,,,
sniper,4,sniper_concussive_grenade,DOTA_ABILITY_BEHAVIOR_AOE|DOTA_ABILITY_BEHAVIOR_POINT|DOTA_ABILITY_BEHAVIOR_ROOT_DISABLES,0.1,DAMAGE_TYPE_MAGICAL,1,,,,,,,,,,,,,
sniper,5,sniper_keen_scope,DOTA_ABILITY_BEHAVIOR_NOT_LEARNABLE|DOTA_ABILITY_BEHAVIOR_PASSIVE,0,,,,,,,,,,,,,,,
sniper,6,sniper_assassinate,DOTA_ABILITY_BEHAVIOR_NORMAL_WHEN_STOLEN|DOTA_ABILITY_BEHAVIOR_UNIT_TARGET,2,DAMAGE_TYPE_MAGICAL,,,,,,,,,,,,,,
sniper,10,special_bonus_unique_sniper_5,,,,,,,,,,,,,,,,,
sniper,11,special_bonus_unique_sniper_headshot_damage,,,,,,,,,,,,,,,,,
sniper,12,special_bonus_unique_sniper_6,,,,,,,,,,,,,,,,,
sniper,13,special_bonus_unique_sniper_1,,,,,,,,,,,,,,,,,
sniper,14,special_bonus_unique_sniper_4,,,,,,,,,,,,,,,,,
sniper,15,special_bonus_unique_sniper_shrapnel_damage,,,,,,,,,,,,,,,,,
sniper,16,special_bonus_unique_sniper_2,,,,,,,,,,,,,,,,,
sniper,17,special_bonus_unique_sniper_3,,,,,,,,,,,,,,,,,
spectre,1,spectre_spectral_dagger,DOTA_ABILITY_BEHAVIOR_POINT|DOTA_ABILITY_BEHAVIOR_UNIT_TARGET,0.3,DAMAGE_TYPE_MAGICAL,,,,,,,,,,,,,,
spectre,2,spectre_shadow_step,DOTA_ABILITY_BEHAVIOR_AOE|DOTA_ABILITY_BEHAVIOR_UNIT_TARGET,0.3,,,,,,,,,,,,,,,
spectre,3,spectre_dispersion,DOTA_ABILITY_BEHAVIOR_PASSIVE,0,,,,,,,,,,,,,,,
spectre,4,spectre_reality,DOTA_ABILITY_BEHAVIOR_NOT_LEARNABLE|DOTA_ABILITY_BEHAVIOR_POINT|DOTA_ABILITY_BEHAVIOR_ROOT_DISABLES,0,,,,,,,,,,,,,,,
spectre,5,spectre_desolate,DOTA_ABILITY_BEHAVIOR_FORCE_NO_INNATE_UI|DOTA_ABILITY_BEHAVIOR_HIDDEN|DOTA_ABILITY_BEHAVIOR_PASSIVE,0,DAMAGE_TYPE_PURE,,,,,,,,,,,,,,
spectre,6,spectre_haunt,DOTA_ABILITY_BEHAVIOR_NO_TARGET,0.3,,,,,,,,,,,,,,,
spectre,10,special_bonus_unique_spectre,,,,,,,,,,,,,,,,,
spectre,11,special_bonus_unique_spectre_2,,,,,,,,,,,,,,,,,
spectre,12,special_bonus_unique_spectre_shadow_step_duration,,,,,,,,,,,,,,,,,
spectre,13,special_bonus_unique_spectre_6,,,,,,,,,,,,,,,,,
spectre,14,special_bonus_hp_325,DOTA_ABILITY_BEHAVIOR_PASSIVE,0,,,,,,,,,,,,,,,
spectre,15,special_bonus_unique_spectre_3,,,,,,,,,,,,,,,,,
spectre,16,special_bonus_unique_spectre_4,,,,,,,,,,,,,,,,,
spectre,17,special_bonus_unique_spectre_5,,,,,,,,,,,,,,,,,
spirit_breaker,1,spirit_breaker_charge_of_darkness,DOTA_ABILITY_BEHAVIOR_DONT_ALERT_TARGET|DOTA_ABILITY_BEHAVIOR_ROOT_DISABLES|DOTA_ABILITY_BEHAVIOR_UNIT_TARGET,0.1,,,,1,gap_close,,1,,1,1,1,1,,,
spirit_breaker,2,spirit_breaker_bulldoze,DOTA_ABILITY_BEHAVIOR_IMMEDIATE|DOTA_ABILITY_BEHAVIOR_NO_TARGET,0,,,,,,,,,,,,,,,
spirit_breaker,3,spirit_breaker_greater_bash,DOTA_ABILITY_BEHAVIOR_PASSIVE,0,DAMAGE_TYPE_MAGICAL,,,,,,,,,,,,,,
spirit_breaker,4,spirit_breaker_planar_pocket,DOTA_ABILITY_BEHAVIOR_IMMEDIATE|DOTA_ABILITY_BEHAVIOR_UNIT_TARGET,0.0 0.0 0.0 0.0,,1,,,,,,,,,,,,,
spirit_breaker,5,spirit_breaker_bull_rush,DOTA_ABILITY_BEHAVIOR_FORCE_NO_INNATE_UI|DOTA_ABILITY_BEHAVIOR_HIDDEN|DOTA_ABILITY_BEHAVIOR_PASSIVE,0,,,,,,,,,,,,,,,
spirit_breaker,6,spirit_breaker_nether_strike,DOTA_ABILITY_BEHAVIOR_IGNORE_BACKSWING|DOTA_ABILITY_BEHAVIOR_ROOT_DISABLES|DOTA_ABILITY_BEHAVIOR_UNIT_TARGET,1,DAMAGE_TYPE_MAGICAL,,,1,hard_disable,,1,,1,1,1,1,,,
spirit_breaker,10,special_bonus_night_vision_500,DOTA_ABILITY_BEHAVIOR_PASSIVE,0,,,,,,,,,,,,,,,
spirit_breaker,11,special_bonus_armor_4,DOTA_ABILITY_BEHAVIOR_PASSIVE,0,,,,,,,,,,,,,,,
spirit_breaker,12,special_bonus_unique_spirit_breaker_2,,,,,,,,,,,,,,,,,
spirit_breaker,13,special_bonus_unique_spirit_breaker_increased_charge_speed,,,,,,,,,,,,,,,,,
spirit_breaker,14,special_bonus_unique_bull_rush_movement_increase,,,,,,,,,,,,,,,,,
spirit_breaker,15,special_bonus_unique_spirit_breaker_shield,,,,,,,,,,,,,,,,,
spirit_breaker,16,special_bonus_unique_spirit_breaker_3,,,,,,,,,,,,,,,,,
spirit_breaker,17,special_bonus_unique_spirit_breaker_4,,,,,,,,,,,,,,,,,
storm_spirit,1,storm_spirit_static_remnant,DOTA_ABILITY_BEHAVIOR_NO_TARGET,0 0 0 0,DAMAGE_TYPE_MAGICAL,,,,,,,,,,,,,,
storm_spirit,2,storm_spirit_electric_vortex,DOTA_ABILITY_BEHAVIOR_UNIT_TARGET,0.3 0.3 0.3 0.3,,,,1,hard_disable,,,,,,,,,,
storm_spirit,3,storm_spirit_overload,DOTA_ABILITY_BEHAVIOR_PASSIVE,0,DAMAGE_TYPE_MAGICAL,,,,,,,,,,,,,,
storm_spirit,6,storm_spirit_ball_lightning,DOTA_ABILITY_BEHAVIOR_CAN_SELF_CAST|DOTA_ABILITY_BEHAVIOR_OPTIONAL_UNIT_TARGET|DOTA_ABILITY_BEHAVIOR_POINT|DOTA_ABILITY_BEHAVIOR_ROOT_DISABLES,0.3 0.3 0.3,DAMAGE_TYPE_MAGICAL,,,1,gap_close,,,,1,,,,,,
storm_spirit,7,storm_spirit_galvanized,DOTA_ABILITY_BEHAVIOR_PASSIVE|DOTA_ABILITY_BEHAVIOR_SKIP_FOR_KEYBINDS,0,,,,,,,,,,,,,,,
storm_spirit,10,special_bonus_unique_storm_spirit_overload_aspd,,,,,,,,,,,,,,,,,
storm_spirit,11,special_bonus_mp_regen_150,DOTA_ABILITY_BEHAVIOR_PASSIVE,0,,,,,,,,,,,,,,,
storm_spirit,12,special_bonus_hp_250,DOTA_ABILITY_BEHAVIOR_PASSIVE,0,,,,,,,,,,,,,,,
storm_spirit,13,special_bonus_unique_storm_spirit_5,,,,,,,,,,,,,,,,,
storm_spirit,14,special_bonus_unique_storm_spirit,,,,,,,,,,,,,,,,,
storm_spirit,15,special_bonus_unique_storm_spirit_8,,,,,,,,,,,,,,,,,
storm_spirit,16,special_bonus_unique_storm_spirit_7,,,,,,,,,,,,,,,,,
storm_spirit,17,special_bonus_unique_storm_spirit_4,,,,,,,,,,,,,,,,,
sven,1,sven_storm_bolt,DOTA_ABILITY_BEHAVIOR_AOE|DOTA_ABILITY_BEHAVIOR_IGNORE_BACKSWING|DOTA_ABILITY_BEHAVIOR_UNIT_TARGET,0.2 0.2 0.2 0.2,DAMAGE_TYPE_MAGICAL,,,1,hard_disable,,1,,1,1,1,1,,,
sven,2,sven_great_cleave,DOTA_ABILITY_BEHAVIOR_PASSIVE,0,,,,,,,,,,,,,,,
sven,3,sven_warcry,DOTA_ABILITY_BEHAVIOR_IMMEDIATE|DOTA_ABILITY_BEHAVIOR_NO_TARGET,0.0 0.0 0.0 0.0,,,,,,,,,,,,,,,
sven,6,sven_gods_strength,DOTA_ABILITY_BEHAVIOR_IGNORE_BACKSWING|DOTA_ABILITY_BEHAVIOR_NO_TARGET,0.3 0.3 0.3,,,,,,,,,,,,,,,
sven,7,sven_wrath_of_god,DOTA_ABILITY_BEHAVIOR_FORCE_NO_INNATE_UI|DOTA_ABILITY_BEHAVIOR_HIDDEN|DOTA_ABILITY_BEHAVIOR_PASSIVE,0,,,,,,,,,,,,,,,
sven,10,special_bonus_unique_sven_5,,,,,,,,,,,,,,,,,
sven,11,special_bonus_unique_sven_gods_strength_slow_resist,,,,,,,,,,,,,,,,,
sven,12,special_bonus_unique_sven_3,,,,,,,,,,,,,,,,,
sven,13,special_bonus_unique_sven_8,,,,,,,,,,,,,,,,,
sven,14,special_bonus_unique_sven_stormhammer_cooldown,,,,,,,,,,,,,,,,,
sven,15,special_bonus_unique_sven_7,,,,,,,,,,,,,,,,,
sven,16,special_bonus_unique_sven_2,,,,,,,,,,,,,,,,,
sven,17,special_bonus_unique_sven_4,,,,,,,,,,,,,,,,,
techies,1,techies_sticky_bomb,DOTA_ABILITY_BEHAVIOR_AOE|DOTA_ABILITY_BEHAVIOR_POINT,0.1,DAMAGE_TYPE_MAGICAL,,,,,,,,,,,,,,
techies,2,techies_reactive_tazer,DOTA_ABILITY_BEHAVIOR_UNIT_TARGET,0.1,DAMAGE_TYPE_MAGICAL,,,,,,,,,,,,,,
techies,3,techies_suicide,DOTA_ABILITY_BEHAVIOR_AOE|DOTA_ABILITY_BEHAVIOR_NORMAL_WHEN_STOLEN|DOTA_ABILITY_BEHAVIOR_POINT|DOTA_ABILITY_BEHAVIOR_ROOT_DISABLES,1,DAMAGE_TYPE_MAGICAL,,,,,,,,,,,,,,
techies,4,techies_mutually_assured_destruction,DOTA_ABILITY_BEHAVIOR_FORCE_NO_INNATE_UI|DOTA_ABILITY_BEHAVIOR_HIDDEN|DOTA_ABILITY_BEHAVIOR_PASSIVE|DOTA_ABILITY_BEHAVIOR_SHOW_IN_GUIDES,1,DAMAGE_TYPE_MAGICAL,,,,,,,,,,,,,,
techies,5,techies_minefield_sign,DOTA_ABILITY_BEHAVIOR_AOE|DOTA_ABILITY_BEHAVIOR_HIDDEN|DOTA_ABILITY_BEHAVIOR_NOT_LEARNABLE|DOTA_ABILITY_BEHAVIOR_POINT|DOTA_ABILITY_BEHAVIOR_SHOW_IN_GUIDES,1.25,DAMAGE_TYPE_NONE,,1,,,,,,,,,,,,
techies,6,techies_land_mines,DOTA_ABILITY_BEHAVIOR_AOE|DOTA_ABILITY_BEHAVIOR_POINT,0,DAMAGE_TYPE_MAGICAL,,,,,,,,,,,,,,
techies,7,techies_reactive_tazer_stop,DOTA_ABILITY_BEHAVIOR_DONT_RESUME_ATTACK|DOTA_ABILITY_BEHAVIOR_HIDDEN|DOTA_ABILITY_BEHAVIOR_IMMEDIATE|DOTA_ABILITY_BEHAVIOR_NOT_LEARNABLE|DOTA_ABILITY_BEHAVIOR_NO_TARGET,0.0 0.0 0.0 0.0,,,,,,,,,,,,,,,
techies,8,techies_focused_detonate,DOTA_ABILITY_BEHAVIOR_AOE|DOTA_ABILITY_BEHAVIOR_HIDDEN|DOTA_ABILITY_BEHAVIOR_IMMEDIATE|DOTA_ABILITY_BEHAVIOR_NOT_LEARNABLE|DOTA_ABILITY_BEHAVIOR_NO_TARGET|DOTA_ABILITY_BEHAVIOR_UNRESTRICTED,0,DAMAGE_TYPE_MAGICAL,,,,,,,,,,,,,,
techies,10,special_bonus_magic_resistance_20,DOTA_ABILITY_BEHAVIOR_PASSIVE,0,,,,,,,,,,,,,,,
techies,11,special_bonus_unique_techies_3,,,,,,,,,,,,,,,,,
techies,12,special_bonus_unique_techies,,,,,,,,,,,,,,,,,
techies,13,special_bonus_unique_techies_tazer_duration,,,,,,,,,,,,,,,,,
techies,14,special_bonus_unique_techies_2,,,,,,,,,,,,,,,,,
techies,15,special_bonus_unique_techies_5,,,,,,,,,,,,,,,,,
techies,16,special_bonus_attack_damage_253,DOTA_ABILITY_BEHAVIOR_PASSIVE,0,,,,,,,,,,,,,,,
techies,17,special_bonus_unique_techies_4,,,,,,,,,,,,,,,,,
templar_assassin,1,templar_assassin_refraction,DOTA_ABILITY_BEHAVIOR_IMMEDIATE|DOTA_ABILITY_BEHAVIOR_NO_TARGET,0.0 0.0 0.0 0.0,DAMAGE_TYPE_PHYSICAL,,,,,,,,,,,,,,
templar_assassin,2,templar_assassin_meld,DOTA_ABILITY_BEHAVIOR_DONT_RESUME_ATTACK|DOTA_ABILITY_BEHAVIOR_DONT_RESUME_MOVEMENT|DOTA_ABILITY_BEHAVIOR_NO_TARGET,0.0 0.0 0.0 0.0,DAMAGE_TYPE_PHYSICAL,,,,,,,,,,,,,,
templar_assassin,3,templar_assassin_psi_blades,DOTA_ABILITY_BEHAVIOR_PASSIVE,0,DAMAGE_TYPE_PURE,,,,,,,,,,,,,,
templar_assassin,4,templar_assassin_trap,DOTA_ABILITY_BEHAVIOR_ALT_CASTABLE|DOTA_ABILITY_BEHAVIOR_IGNORE_CHANNEL|DOTA_ABILITY_BEHAVIOR_IMMEDIATE|DOTA_ABILITY_BEHAVIOR_NOT_LEARNABLE|DOTA_ABILITY_BEHAVIOR_NO_TARGET,0,,,,,,,,,,,,,,,
templar_assassin,5,templar_assassin_trap_teleport,DOTA_ABILITY_BEHAVIOR_CHANNELLED|DOTA_ABILITY_BEHAVIOR_HIDDEN|DOTA_ABILITY_BEHAVIOR_NOT_LEARNABLE|DOTA_ABILITY_BEHAVIOR_POINT|DOTA_ABILITY_BEHAVIOR_SHOW_IN_GUIDES,0.2,,,1,,,,,,,,,,,,
templar_assassin,6,templar_assassin_psionic_trap,DOTA_ABILITY_BEHAVIOR_IGNORE_BACKSWING|DOTA_ABILITY_BEHAVIOR_POINT,0.3 0.3 0.3 0.3,DAMAGE_TYPE_MAGICAL,,,,,,1,,1,1,1,1,,,
templar_assassin,7,templar_assassin_inner_peace,DOTA_ABILITY_BEHAVIOR_INNATE_UI|DOTA_ABILITY_BEHAVIOR_NOT_LEARNABLE|DOTA_ABILITY_BEHAVIOR_PASSIVE,0,,,,,,,,,,,,,,,
templar_assassin,10,special_bonus_unique_templar_assassin_meld_duration,,,,,,,,,,,,,,,,,
templar_assassin,11,special_bonus_unique_templar_assassin_3,,,,,,,,,,,,,,,,,
templar_assassin,12,special_bonus_unique_templar_assassin_meld_attack_range_bonus,,,,,,,,,,,,,,,,,
templar_assassin,13,special_bonus_unique_templar_assassin_6,,,,,,,,,,,,,,,,,
templar_assassin,14,special_bonus_unique_templar_assassin_4,,,,,,,,,,,,,,,,,
templar_assassin,15,special_bonus_unique_templar_assassin_8,,,,,,,,,,,,,,,,,
templar_assassin,16,special_bonus_unique_templar_assassin_7,,,,,,,,,,,,,,,,,
templar_assassin,17,special_bonus_unique_templar_assassin,,,,,,,,,,,,,,,,,
terrorblade,1,terrorblade_reflection,DOTA_ABILITY_BEHAVIOR_AOE|DOTA_ABILITY_BEHAVIOR_POINT,0.3,,,,,,,,,,,,,,,
terrorblade,2,terrorblade_conjure_image,DOTA_ABILITY_BEHAVIOR_NO_TARGET,0.15,,,,,,,,,,,,,,,
terrorblade,3,terrorblade_metamorphosis,DOTA_ABILITY_BEHAVIOR_IMMEDIATE|DOTA_ABILITY_BEHAVIOR_NO_TARGET,0,DAMAGE_TYPE_PHYSICAL,,,,,,,,,,,,,,
terrorblade,4,terrorblade_demon_zeal,DOTA_ABILITY_BEHAVIOR_HIDDEN|DOTA_ABILITY_BEHAVIOR_NO_TARGET|DOTA_ABILITY_BEHAVIOR_SHOW_IN_GUIDES,0.2,,1,,,,,,,,,,,,,
terrorblade,5,terrorblade_terror_wave,DOTA_ABILITY_BEHAVIOR_IMMEDIATE|DOTA_ABILITY_BEHAVIOR_NO_TARGET,0,DAMAGE_TYPE_MAGICAL,,1,,,,,,,,,,,,
terrorblade,6,terrorblade_sunder,DOTA_ABILITY_BEHAVIOR_DONT_RESUME_ATTACK|DOTA_ABILITY_BEHAVIOR_UNIT_TARGET,0.35,,,,1,ult_burst,1,,,1,,,,,,
terrorblade,7,terrorblade_dark_unity,DOTA_ABILITY_BEHAVIOR_PASSIVE|DOTA_ABILITY_BEHAVIOR_SKIP_FOR_KEYBINDS,0,,,,,,,,,,,,,,,
terrorblade,10,special_bonus_unique_terrorblade_2,,,,,,,,,,,,,,,,,
terrorblade,11,special_bonus_unique_terrorblade_4,,,,,,,,,,,,,,,,,
terrorblade,12,special_bonus_unique_terrorblade_metamorphosis_cooldown,,,,,,,,,,,,,,,,,
terrorblade,13,special_bonus_unique_terrorblade_sunder_hp_threshold,,,,,,,,,,,,,,,,,
terrorblade,14,special_bonus_all_stats_10,DOTA_ABILITY_BEHAVIOR_PASSIVE,0,,,,,,,,,,,,,,,
terrorblade,15,special_bonus_unique_terrorblade_5,,,,,,,,,,,,,,,,,
terrorblade,16,special_bonus_unique_terrorblade,,,,,,,,,,,,,,,,,
terrorblade,17,special_bonus_unique_terrorblade_3,,,,,,,,,,,,,,,,,
tidehunter,1,tidehunter_gush,DOTA_ABILITY_BEHAVIOR_UNIT_TARGET,0.3 0.3 0.3 0.3,DAMAGE_TYPE_MAGICAL,,,,,,,,,,,,,,
tidehunter,2,tidehunter_kraken_shell,DOTA_ABILITY_BEHAVIOR_IMMEDIATE|DOTA_ABILITY_BEHAVIOR_NO_TARGET,0 0 0 0,,,,,,,,,,,,,,,
tidehunter,3,tidehunter_anchor_smash,DOTA_ABILITY_BEHAVIOR_NO_TARGET,0.4,DAMAGE_TYPE_PHYSICAL,,,,,,,,,,,,,,
tidehunter,4,tidehunter_dead_in_the_water,DOTA_ABILITY_BEHAVIOR_UNIT_TARGET,0.3,DAMAGE_TYPE_MAGICAL,1,,,,,,,,,,,,,
tidehunter,6,tidehunter_ravage,DOTA_ABILITY_BEHAVIOR_NO_TARGET,0.3 0.3 0.3,DAMAGE_TYPE_MAGICAL,,,1,hard_disable,,1,,1,1,1,1,,,
tidehunter,7,tidehunter_krill_eater,DOTA_ABILITY_BEHAVIOR_INNATE_UI|DOTA_ABILITY_BEHAVIOR_PASSIVE,0,,,,,,,,,,,,,,,
tidehunter,10,special_bonus_unique_tidehunter_3,,,,,,,,,,,,,,,,,
tidehunter,11,special_bonus_unique_tidehunter_5,,,,,,,,,,,,,,,,,
tidehunter,12,special_bonus_unique_tidehunter_2,,,,,,,,,,,,,,,,,
tidehunter,13,special_bonus_unique_tidehunter_ravage_cooldown,,,,,,,,,,,,,,,,,
tidehunter,14,special_bonus_unique_tidehunter_smash_on_blubber,,,,,,,,,,,,,,,,,
tidehunter,15,special_bonus_unique_tidehunter,,,,,,,,,,,,,,,,,
tidehunter,16,special_bonus_unique_tidehunter_7,,,,,,,,,,,,,,,,,
tidehunter,17,special_bonus_unique_tidehunter_10,,,,,,,,,,,,,,,,,
tinker,1,tinker_laser,DOTA_ABILITY_BEHAVIOR_UNIT_TARGET,0.4,DAMAGE_TYPE_PURE,,,,,,,,,,,,,,
tinker,2,tinker_march_of_the_machines,DOTA_ABILITY_BEHAVIOR_AOE|DOTA_ABILITY_BEHAVIOR_POINT,0.53,DAMAGE_TYPE_MAGICAL,,,,,,,,,,,,,,
tinker,3,tinker_deploy_turrets,DOTA_ABILITY_BEHAVIOR_AOE|DOTA_ABILITY_BEHAVIOR_POINT,0.1,DAMAGE_TYPE_MAGICAL,,,,,,,,,,,,,,
tinker,4,tinker_warp_grenade,DOTA_ABILITY_BEHAVIOR_DONT_ALERT_TARGET|DOTA_ABILITY_BEHAVIOR_HIDDEN|DOTA_ABILITY_BEHAVIOR_SHOW_IN_GUIDES|DOTA_ABILITY_BEHAVIOR_UNIT_TARGET,0.2,DAMAGE_TYPE_MAGICAL,1,,,,,,,,,,,,,
tinker,5,tinker_keen_teleport,DOTA_ABILITY_BEHAVIOR_CHANNELLED|DOTA_ABILITY_BEHAVIOR_DONT_CANCEL_CHANNEL|DOTA_ABILITY_BEHAVIOR_DONT_RESUME_ATTACK|DOTA_ABILITY_BEHAVIOR_NOT_LEARNABLE|DOTA_ABILITY_BEHAVIOR_POINT|DOTA_ABILITY_BEHAVIOR_ROOT_DISABLES,0,,,,,,,,,,,,,,,
tinker,6,tinker_rearm,DOTA_ABILITY_BEHAVIOR_CHANNELLED|DOTA_ABILITY_BEHAVIOR_NO_TARGET,0,,,,1,channel_start,,,,,,,,,,
tinker,7,tinker_eureka,DOTA_ABILITY_BEHAVIOR_PASSIVE,0,,,,,,,,,,,,,,,
tinker,10,special_bonus_unique_tinker_march_duration,,,,,,,,,,,,,,,,,
tinker,11,special_bonus_mana_reduction_10,DOTA_ABILITY_BEHAVIOR_PASSIVE,0,,,,,,,,,,,,,,,
tinker,12,special_bonus_unique_tinker_deploy_turrets_knockback,,,,,,,,,,,,,,,,,
tinker,13,special_bonus_unique_tinker,,,,,,,,,,,,,,,,,
tinker,14,special_bonus_unique_tinker_deploy_turrets_missile_damage,,,,,,,,,,,,,,,,,
tinker,15,special_bonus_unique_tinker_5,,,,,,,,,,,,,,,,,
tinker,16,special_bonus_unique_tinker_4,,,,,,,,,,,,,,,,,
tinker,17,special_bonus_unique_tinker_rearm_channel_time,,,,,,,,,,,,,,,,,
tiny,1,tiny_avalanche,DOTA_ABILITY_BEHAVIOR_AOE|DOTA_ABILITY_BEHAVIOR_POINT,0.0 0.0 0.0 0.0,DAMAGE_TYPE_MAGICAL,,,,,,,,,,,,,,
tiny,2,tiny_toss,DOTA_ABILITY_BEHAVIOR_AOE|DOTA_ABILITY_BEHAVIOR_RUNE_TARGET|DOTA_ABILITY_BEHAVIOR_UNIT_TARGET,0.0 0.0 0.0 0.0,DAMAGE_TYPE_MAGICAL,,,1,hard_disable,,1,,1,1,1,1,,,
tiny,3,tiny_tree_grab,DOTA_ABILITY_BEHAVIOR_UNIT_TARGET,0.2,DAMAGE_TYPE_PHYSICAL,,,,,,,,,,,,,,
tiny,4,tiny_tree_channel,DOTA_ABILITY_BEHAVIOR_AOE|DOTA_ABILITY_BEHAVIOR_CHANNELLED|DOTA_ABILITY_BEHAVIOR_HIDDEN|DOTA_ABILITY_BEHAVIOR_POINT|DOTA_ABILITY_BEHAVIOR_SHOW_IN_GUIDES,0.2,DAMAGE_TYPE_PHYSICAL,,1,,,,,,,,,,,,
tiny,5,tiny_insurmountable,DOTA_ABILITY_BEHAVIOR_FORCE_NO_INNATE_UI|DOTA_ABILITY_BEHAVIOR_HIDDEN|DOTA_ABILITY_BEHAVIOR_PASSIVE,0,,,,,,,,,,,,,,,
tiny,6,tiny_grow,DOTA_ABILITY_BEHAVIOR_PASSIVE,0,DAMAGE_TYPE_PHYSICAL,,,,,,,,,,,,,,
tiny,7,tiny_toss_tree,DOTA_ABILITY_BEHAVIOR_HIDDEN|DOTA_ABILITY_BEHAVIOR_POINT|DOTA_ABILITY_BEHAVIOR_SHOW_IN_GUIDES|DOTA_ABILITY_BEHAVIOR_UNIT_TARGET,0.2,DAMAGE_TYPE_PHYSICAL,,,,,,,,,,,,,,
tiny,10,special_bonus_unique_tiny_4,,,,,,,,,,,,,,,,,
tiny,11,special_bonus_strength_8,DOTA_ABILITY_BEHAVIOR_PASSIVE,0,,,,,,,,,,,,,,,
tiny,12,special_bonus_unique_tiny_6,,,,,,,,,,,,,,,,,
tiny,13,special_bonus_unique_tiny,,,,,,,,,,,,,,,,,
tiny,14,special_bonus_unique_tiny_7,,,,,,,,,,,,,,,,,
tiny,15,special_bonus_unique_tiny_5,,,,,,,,,,,,,,,,,
tiny,16,special_bonus_unique_tiny_3,,,,,,,,,,,,,,,,,
tiny,17,special_bonus_unique_tiny_2,,,,,,,,,,,,,,,,,
treant,1,treant_natures_grasp,DOTA_ABILITY_BEHAVIOR_POINT,0.2,DAMAGE_TYPE_MAGICAL,,,,,,,,,,,,,,
treant,2,treant_leech_seed,DOTA_ABILITY_BEHAVIOR_ATTACK|DOTA_ABILITY_BEHAVIOR_AUTOCAST|DOTA_ABILITY_BEHAVIOR_UNIT_TARGET,0,DAMAGE_TYPE_MAGICAL,,,,,,,,,,,,,,
treant,3,treant_living_armor,DOTA_ABILITY_BEHAVIOR_POINT|DOTA_ABILITY_BEHAVIOR_UNIT_TARGET,0.3,,,,,,,,,,,,,,,
treant,4,treant_eyes_in_the_forest,DOTA_ABILITY_BEHAVIOR_HIDDEN|DOTA_ABILITY_BEHAVIOR_SHOW_IN_GUIDES|DOTA_ABILITY_BEHAVIOR_UNIT_TARGET,0.2,,1,,,,,,,,,,,,,
treant,5,treant_natures_guise,DOTA_ABILITY_BEHAVIOR_FORCE_KEYBIND|DOTA_ABILITY_BEHAVIOR_FORCE_NO_INNATE_UI|DOTA_ABILITY_BEHAVIOR_NOT_LEARNABLE|DOTA_ABILITY_BEHAVIOR_PASSIVE|DOTA_ABILITY_BEHAVIOR_SHOW_IN_GUIDES,0,,,,,,,,,,,,,,,
treant,6,treant_overgrowth,DOTA_ABILITY_BEHAVIOR_NO_TARGET,0.5 0.5 0.5 0.5,DAMAGE_TYPE_MAGICAL,,,1,hard_disable,,1,,1,1,1,1,,,
treant,10,special_bonus_unique_treant_8,,,,,,,,,,,,,,,,,
treant,11,special_bonus_attack_base_damage_50,DOTA_ABILITY_BEHAVIOR_PASSIVE,0,,,,,,,,,,,,,,,
treant,12,special_bonus_unique_treant_3,,,,,,,,,,,,,,,,,
treant,13,special_bonus_unique_treant_9,,,,,,,,,,,,,,,,,
treant,14,special_bonus_unique_treant_13,,,,,,,,,,,,,,,,,
treant,15,special_bonus_unique_treant_2,,,,,,,,,,,,,,,,,
treant,16,special_bonus_unique_treant_14,,,,,,,,,,,,,,,,,
treant,17,special_bonus_unique_treant_7,,,,,,,,,,,,,,,,,
troll_warlord,1,troll_warlord_switch_stance,DOTA_ABILITY_BEHAVIOR_IGNORE_SILENCE|DOTA_ABILITY_BEHAVIOR_IMMEDIATE|DOTA_ABILITY_BEHAVIOR_NO_TARGET|DOTA_ABILITY_BEHAVIOR_TOGGLE,0.2,,,,,,,,,,,,,,,
troll_warlord,2,troll_warlord_whirling_axes_ranged,DOTA_ABILITY_BEHAVIOR_IGNORE_BACKSWING|DOTA_ABILITY_BEHAVIOR_POINT|DOTA_ABILITY_BEHAVIOR_UNIT_TARGET,0.2 0.2 0.2 0.2,DAMAGE_TYPE_MAGICAL,,,,,,,,,,,,,,
troll_warlord,3,troll_warlord_whirling_axes_melee,DOTA_ABILITY_BEHAVIOR_IMMEDIATE|DOTA_ABILITY_BEHAVIOR_NO_TARGET,0,DAMAGE_TYPE_MAGICAL,,,,,,,,,,,,,,
troll_warlord,4,troll_warlord_fervor,DOTA_ABILITY_BEHAVIOR_PASSIVE,0,,,,,,,,,,,,,,,
troll_warlord,5,troll_warlord_berserkers_rage,DOTA_ABILITY_BEHAVIOR_PASSIVE,0,DAMAGE_TYPE_PHYSICAL,,,,,,,,,,,,,,
troll_warlord,6,troll_warlord_battle_trance,,0.0 0.0 0.0,,,,,,,,,,,,,,,
troll_warlord,10,special_bonus_unique_troll_warlord_whirling_axes_debuff_duration,,,,,,,,,,,,,,,,,
troll_warlord,11,special_bonus_unique_troll_warlord_2,,,,,,,,,,,,,,,,,
troll_warlord,12,special_bonus_unique_troll_warlord_5,,,,,,,,,,,,,,,,,
troll_warlord,13,special_bonus_unique_troll_warlord,,,,,,,,,,,,,,,,,
troll_warlord,14,special_bonus_unique_troll_warlord_battle_trance_movespeed,,,,,,,,,,,,,,,,,
troll_warlord,15,special_bonus_unique_troll_warlord_3,,,,,,,,,,,,,,,,,
troll_warlord,16,special_bonus_unique_troll_warlord_6,,,,,,,,,,,,,,,,,
troll_warlord,17,special_bonus_unique_troll_warlord_4,,,,,,,,,,,,,,,,,
tusk,1,tusk_ice_shards,DOTA_ABILITY_BEHAVIOR_DIRECTIONAL|DOTA_ABILITY_BEHAVIOR_IGNORE_BACKSWING|DOTA_ABILITY_BEHAVIOR_POINT,0.1 0.1 0.1 0.1,DAMAGE_TYPE_MAGICAL,,,1,hard_disable,,,,1,1,1,1,,,
tusk,2,tusk_snowball,DOTA_ABILITY_BEHAVIOR_ROOT_DISABLES|DOTA_ABILITY_BEHAVIOR_UNIT_TARGET,0.1 0.1 0.1 0.1,DAMAGE_TYPE_MAGICAL,,,1,gap_close,,1,,1,1,1,1,,,
tusk,3,tusk_tag_team,DOTA_ABILITY_BEHAVIOR_IMMEDIATE|DOTA_ABILITY_BEHAVIOR_NO_TARGET,0,DAMAGE_TYPE_PHYSICAL,,,,,,,,,,,,,,
tusk,4,tusk_drinking_buddies,DOTA_ABILITY_BEHAVIOR_ALT_CASTABLE|DOTA_ABILITY_BEHAVIOR_UNIT_TARGET,0.1,,1,,,,,,,,,,,,,
tusk,5,tusk_walrus_kick,DOTA_ABILITY_BEHAVIOR_HIDDEN|DOTA_ABILITY_BEHAVIOR_SHOW_IN_GUIDES|DOTA_ABILITY_BEHAVIOR_UNIT_TARGET|DOTA_ABILITY_BEHAVIOR_VECTOR_TARGETING,0.2,DAMAGE_TYPE_MAGICAL,,1,,,,,,,,,,,,
tusk,6,tusk_walrus_punch,DOTA_ABILITY_BEHAVIOR_ATTACK|DOTA_ABILITY_BEHAVIOR_AUTOCAST|DOTA_ABILITY_BEHAVIOR_UNIT_TARGET,0,,,,,,,,,,,,,,,
tusk,7,tusk_launch_snowball,DOTA_ABILITY_BEHAVIOR_HIDDEN|DOTA_ABILITY_BEHAVIOR_IGNORE_PSEUDO_QUEUE|DOTA_ABILITY_BEHAVIOR_IMMEDIATE|DOTA_ABILITY_BEHAVIOR_NOT_LEARNABLE|DOTA_ABILITY_BEHAVIOR_NO_TARGET,0.0 0.0 0.0 0.0,,,,,,,,,,,,,,,
tusk,8,tusk_bitter_chill,DOTA_ABILITY_BEHAVIOR_FORCE_NO_INNATE_UI|DOTA_ABILITY_BEHAVIOR_HIDDEN|DOTA_ABILITY_BEHAVIOR_NOT_LEARNABLE|DOTA_ABILITY_BEHAVIOR_PASSIVE|DOTA_ABILITY_BEHAVIOR_SKIP_FOR_KEYBINDS,0,,,,,,,,,,,,,,,
tusk,10,special_bonus_unique_tusk_3,,,,,,,,,,,,,,,,,
tusk,11,special_bonus_unique_tusk_7,,,,,,,,,,,,,,,,,
tusk,12,special_bonus_hp_325,DOTA_ABILITY_BEHAVIOR_PASSIVE,0,,,,,,,,,,,,,,,
tusk,13,special_bonus_unique_tusk_2,,,,,,,,,,,,,,,,,
tusk,14,special_bonus_unique_tusk_6,,,,,,,,,,,,,,,,,
tusk,15,special_bonus_unique_tusk,,,,,,,,,,,,,,,,,
tusk,16,special_bonus_unique_tusk_shard_dps,,,,,,,,,,,,,,,,,
tusk,17,special_bonus_unique_tusk_4,,,,,,,,,,,,,,,,,
undying,1,undying_decay,DOTA_ABILITY_BEHAVIOR_AOE|DOTA_ABILITY_BEHAVIOR_IGNORE_BACKSWING|DOTA_ABILITY_BEHAVIOR_POINT,0.3,DAMAGE_TYPE_MAGICAL,,,,,,,,,,,,,,
undying,2,undying_soul_rip,DOTA_ABILITY_BEHAVIOR_IGNORE_BACKSWING|DOTA_ABILITY_BEHAVIOR_UNIT_TARGET,0.3,DAMAGE_TYPE_MAGICAL,,,,,,,,,,,,,,
undying,3,undying_tombstone,DOTA_ABILITY_BEHAVIOR_IGNORE_BACKSWING|DOTA_ABILITY_BEHAVIOR_POINT,0.6,DAMAGE_TYPE_PHYSICAL,,,,,,,,,,,,,,
undying,4,undying_ceaseless_dirge,DOTA_ABILITY_BEHAVIOR_PASSIVE|DOTA_ABILITY_BEHAVIOR_SKIP_FOR_KEYBINDS,0,,,,,,,,,,,,,,,
undying,6,undying_flesh_golem,DOTA_ABILITY_BEHAVIOR_IMMEDIATE|DOTA_ABILITY_BEHAVIOR_NO_TARGET,0,DAMAGE_TYPE_MAGICAL,,,,,,,,,,,,,,
undying,10,special_bonus_unique_undying_8,,,,,,,,,,,,,,,,,
undying,11,special_bonus_unique_undying_7,,,,,,,,,,,,,,,,,
undying,12,special_bonus_unique_undying_6,,,,,,,,,,,,,,,,,
undying,13,special_bonus_unique_undying,,,,,,,,,,,,,,,,,
undying,14,special_bonus_unique_undying_2,,,,,,,,,,,,,,,,,
undying,15,special_bonus_unique_undying_5,,,,,,,,,,,,,,,,,
undying,16,special_bonus_unique_undying_4,,,,,,,,,,,,,,,,,
undying,17,special_bonus_unique_undying_3,DOTA_ABILITY_BEHAVIOR_PASSIVE,0,,,,,,,,,,,,,,,
ursa,1,ursa_earthshock,DOTA_ABILITY_BEHAVIOR_IGNORE_BACKSWING|DOTA_ABILITY_BEHAVIOR_IMMEDIATE|DOTA_ABILITY_BEHAVIOR_NO_TARGET,0,DAMAGE_TYPE_MAGICAL,,,,,,,,,,,,,,
ursa,2,ursa_overpower,DOTA_ABILITY_BEHAVIOR_IGNORE_BACKSWING|DOTA_ABILITY_BEHAVIOR_NO_TARGET,0.3 0.3 0.3 0.3,,,,,,,1,,,1,1,1,,,
ursa,3,ursa_fury_swipes,DOTA_ABILITY_BEHAVIOR_PASSIVE,0,DAMAGE_TYPE_PHYSICAL,,,,,,,,,,,,,,
ursa,4,ursa_maul,DOTA_ABILITY_BEHAVIOR_NOT_LEARNABLE|DOTA_ABILITY_BEHAVIOR_PASSIVE,0,,,,,,,,,,,,,,,
ursa,6,ursa_enrage,DOTA_ABILITY_BEHAVIOR_IMMEDIATE|DOTA_ABILITY_BEHAVIOR_NO_TARGET,0,,,,,,,,,,,,,,,
ursa,10,special_bonus_unique_ursa_4,,,,,,,,,,,,,,,,,
ursa,11,special_bonus_mp_regen_175,DOTA_ABILITY_BEHAVIOR_PASSIVE,0,,,,,,,,,,,,,,,
ursa,12,special_bonus_unique_ursa_maul_health,,,,,,,,,,,,,,,,,
ursa,13,special_bonus_unique_ursa_8,,,,,,,,,,,,,,,,,
ursa,14,special_bonus_unique_ursa_2,,,,,,,,,,,,,,,,,
ursa,15,special_bonus_unique_ursa,,,,,,,,,,,,,,,,,
ursa,16,special_bonus_unique_ursa_3,,,,,,,,,,,,,,,,,
ursa,17,special_bonus_unique_ursa_7,,,,,,,,,,,,,,,,,
vengefulspirit,1,vengefulspirit_magic_missile,DOTA_ABILITY_BEHAVIOR_UNIT_TARGET,0.3 0.3 0.3 0.3,DAMAGE_TYPE_MAGICAL,,,,,,,,,,,,,,
vengefulspirit,2,vengefulspirit_wave_of_terror,DOTA_ABILITY_BEHAVIOR_POINT,0.3 0.3 0.3 0.3,DAMAGE_TYPE_MAGICAL,,,,,,,,,,,,,,
vengefulspirit,3,vengefulspirit_command_aura,DOTA_ABILITY_BEHAVIOR_AURA|DOTA_ABILITY_BEHAVIOR_PASSIVE,0,,,,,,,,,,,,,,,
vengefulspirit,4,vengefulspirit_retribution,DOTA_ABILITY_BEHAVIOR_INNATE_UI|DOTA_ABILITY_BEHAVIOR_NOT_LEARNABLE|DOTA_ABILITY_BEHAVIOR_PASSIVE|DOTA_ABILITY_BEHAVIOR_SKIP_FOR_KEYBINDS,0,,,,,,,1,,1,,,,,,
vengefulspirit,6,vengefulspirit_nether_swap,DOTA_ABILITY_BEHAVIOR_UNIT_TARGET,0.4,DAMAGE_TYPE_MAGICAL,,,1,hard_disable,,1,,1,1,1,1,,,
vengefulspirit,10,special_bonus_unique_vengeful_spirit_swap_damage,,,,,,,,,,,,,,,,,
vengefulspirit,11,special_bonus_unique_vengeful_spirit_missile_castrange,,,,,,,,,,,,,,,,,
vengefulspirit,12,special_bonus_unique_vengeful_spirit_4,,,,,,,,,,,,,,,,,
vengefulspirit,13,special_bonus_unique_vengeful_spirit_1,,,,,,,,,,,,,,,,,
vengefulspirit,14,special_bonus_unique_vengeful_spirit_wave_of_terror_steal,,,,,,,,,,,,,,,,,
vengefulspirit,15,special_bonus_unique_vengeful_spirit_5,,,,,,,,,,,,,,,,,
vengefulspirit,16,special_bonus_unique_vengeful_spirit_2,,,,,,,,,,,,,,,,,
vengefulspirit,17,special_bonus_unique_vengeful_spirit_9,,,,,,,,,,,,,,,,,
venomancer,1,venomancer_venomous_gale,DOTA_ABILITY_BEHAVIOR_AOE|DOTA_ABILITY_BEHAVIOR_POINT,0.0 0.0 0.0 0.0,DAMAGE_TYPE_MAGICAL,,,,,,,,,,,,,,
venomancer,2,venomancer_snakebite,DOTA_ABILITY_BEHAVIOR_UNIT_TARGET,0.2,DAMAGE_TYPE_MAGICAL,,,,,,,,,,,,,,
venomancer,3,venomancer_plague_ward,DOTA_ABILITY_BEHAVIOR_POINT,0.0 0.0 0.0 0.0,DAMAGE_TYPE_PHYSICAL,,,,,,,,,,,,,,
venomancer,4,venomancer_poison_sting,DOTA_ABILITY_BEHAVIOR_FORCE_NO_INNATE_UI|DOTA_ABILITY_BEHAVIOR_HIDDEN|DOTA_ABILITY_BEHAVIOR_PASSIVE,0,DAMAGE_TYPE_MAGICAL,,,,,,,,,,,,,,
venomancer,6,venomancer_noxious_plague,DOTA_ABILITY_BEHAVIOR_DONT_RESUME_ATTACK|DOTA_ABILITY_BEHAVIOR_UNIT_TARGET,0.15,DAMAGE_TYPE_MAGICAL,,,,,,,,,,,,,,
venomancer,10,special_bonus_unique_venomancer_3,,,,,,,,,,,,,,,,,
venomancer,11,special_bonus_unique_venomancer_poisonsting_regen_reduction,,,,,,,,,,,,,,,,,
venomancer,12,special_bonus_unique_venomancer_plague_spread,,,,,,,,,,,,,,,,,
venomancer,13,special_bonus_unique_venomancer_2,,,,,,,,,,,,,,,,,
venomancer,14,special_bonus_unique_venomancer_4,,,,,,,,,,,,,,,,,
venomancer,15,special_bonus_unique_venomancer_8,,,,,,,,,,,,,,,,,
venomancer,16,special_bonus_unique_venomancer_5,,,,,,,,,,,,,,,,,
venomancer,17,special_bonus_unique_venomancer,,,,,,,,,,,,,,,,,
viper,1,viper_poison_attack,DOTA_ABILITY_BEHAVIOR_ATTACK|DOTA_ABILITY_BEHAVIOR_AUTOCAST|DOTA_ABILITY_BEHAVIOR_UNIT_TARGET,0,DAMAGE_TYPE_MAGICAL,,,,,,1,,1,,,,,,
viper,2,viper_nethertoxin,DOTA_ABILITY_BEHAVIOR_AOE|DOTA_ABILITY_BEHAVIOR_POINT,0.2,DAMAGE_TYPE_MAGICAL,,,,,,1,,1,,,,,,
viper,3,viper_corrosive_skin,DOTA_ABILITY_BEHAVIOR_PASSIVE,0,DAMAGE_TYPE_MAGICAL,,,,,,1,,1,,,,,,
viper,4,viper_nose_dive,DOTA_ABILITY_BEHAVIOR_AOE|DOTA_ABILITY_BEHAVIOR_POINT|DOTA_ABILITY_BEHAVIOR_ROOT_DISABLES,0.1,DAMAGE_TYPE_MAGICAL,,1,,,,,,,,,,,,
viper,5,viper_predator,DOTA_ABILITY_BEHAVIOR_INNATE_UI|DOTA_ABILITY_BEHAVIOR_PASSIVE,0,DAMAGE_TYPE_PHYSICAL,,,,,,,,,,,,,,
viper,6,viper_viper_strike,DOTA_ABILITY_BEHAVIOR_UNIT_TARGET,0.2,DAMAGE_TYPE_MAGICAL,,,,,,,,,,,,,,
viper,10,special_bonus_unique_viper_4,,,,,,,,,,,,,,,,,
viper,11,special_bonus_unique_viper_1,,,,,,,,,,,,,,,,,
viper,12,special_bonus_unique_viper_3,,,,,,,,,,,,,,,,,
viper,13,special_bonus_unique_viper_7,,,,,,,,,,,,,,,,,
viper,14,special_bonus_unique_viper_2,,,,,,,,,,,,,,,,,
viper,15,special_bonus_unique_viper_predator_damage,,,,,,,,,,,,,,,,,
viper,16,special_bonus_unique_viper_nethertoxin_radius,,,,,,,,,,,,,,,,,
viper,17,special_bonus_unique_viper_8,,,,,,,,,,,,,,,,,
visage,1,visage_grave_chill,DOTA_ABILITY_BEHAVIOR_UNIT_TARGET,0.2 0.2 0.2 0.2,,,,,,,,,,,,,,,
visage,2,visage_soul_assumption,DOTA_ABILITY_BEHAVIOR_UNIT_TARGET,0.2,DAMAGE_TYPE_MAGICAL,,,,,,,,,,,,,,
visage,3,visage_gravekeepers_cloak,DOTA_ABILITY_BEHAVIOR_PASSIVE,0,,,,,,,,,,,,,,,
visage,4,visage_stone_form_self_cast,DOTA_ABILITY_BEHAVIOR_ALT_CASTABLE|DOTA_ABILITY_BEHAVIOR_IGNORE_CHANNEL|DOTA_ABILITY_BEHAVIOR_IGNORE_PSEUDO_QUEUE|DOTA_ABILITY_BEHAVIOR_IGNORE_SILENCE|DOTA_ABILITY_BEHAVIOR_IMMEDIATE|DOTA_ABILITY_BEHAVIOR_NOT_LEARNABLE|DOTA_ABILITY_BEHAVIOR_NO_TARGET,0,,,,,,,,,,,,,,,
visage,5,visage_silent_as_the_grave,DOTA_ABILITY_BEHAVIOR_IGNORE_CHANNEL|DOTA_ABILITY_BEHAVIOR_IMMEDIATE|DOTA_ABILITY_BEHAVIOR_NO_TARGET,0,,,,,,,,,,,,,,,
visage,6,visage_summon_familiars,DOTA_ABILITY_BEHAVIOR_IMMEDIATE|DOTA_ABILITY_BEHAVIOR_NO_TARGET,0 0 0,DAMAGE_TYPE_PHYSICAL,,,,,,,,,,,,,,
visage,7,visage_summon_familiars_stone_form,DOTA_ABILITY_BEHAVIOR_ALT_CASTABLE|DOTA_ABILITY_BEHAVIOR_IGNORE_CHANNEL|DOTA_ABILITY_BEHAVIOR_IGNORE_PSEUDO_QUEUE|DOTA_ABILITY_BEHAVIOR_IMMEDIATE|DOTA_ABILITY_BEHAVIOR_NOT_LEARNABLE|DOTA_ABILITY_BEHAVIOR_NO_TARGET,0,DAMAGE_TYPE_MAGICAL,,,,,,,,,,,,,,
visage,10,special_bonus_unique_visage_soul_assumption_cooldown,,,,,,,,,,,,,,,,,
visage,11,special_bonus_unique_visage_7,,,,,,,,,,,,,,,,,
visage,12,special_bonus_unique_visage_grave_chill_duration,,,,,,,,,,,,,,,,,
visage,13,special_bonus_unique_visage_3,,,,,,,,,,,,,,,,,
visage,14,special_bonus_unique_visage_4,,,,,,,,,,,,,,,,,
visage,15,special_bonus_unique_visage_1,,,,,,,,,,,,,,,,,
visage,16,special_bonus_unique_visage_cloak_recovery_time,,,,,,,,,,,,,,,,,
visage,17,special_bonus_unique_visage_6,,,,,,,,,,,,,,,,,
void_spirit,1,void_spirit_aether_remnant,DOTA_ABILITY_BEHAVIOR_DONT_RESUME_MOVEMENT|DOTA_ABILITY_BEHAVIOR_POINT|DOTA_ABILITY_BEHAVIOR_VECTOR_TARGETING,0,DAMAGE_TYPE_MAGICAL,,,1,hard_disable,,1,,1,1,1,1,,,
void_spirit,2,void_spirit_dissimilate,DOTA_ABILITY_BEHAVIOR_NO_TARGET|DOTA_ABILITY_BEHAVIOR_ROOT_DISABLES,0.3,DAMAGE_TYPE_MAGICAL,,,,,,,,,,,,,,
void_spirit,3,void_spirit_resonant_pulse,DOTA_ABILITY_BEHAVIOR_IGNORE_BACKSWING|DOTA_ABILITY_BEHAVIOR_NO_TARGET,0,DAMAGE_TYPE_MAGICAL,,,,,,,,,,,,,,
void_spirit,4,void_spirit_intrinsic_edge,DOTA_ABILITY_BEHAVIOR_PASSIVE|DOTA_ABILITY_BEHAVIOR_SHOW_IN_GUIDES|DOTA_ABILITY_BEHAVIOR_SKIP_FOR_KEYBINDS,0,DAMAGE_TYPE_NONE,,,,,,,,,,,,,,
void_spirit,6,void_spirit_astral_step,DOTA_ABILITY_BEHAVIOR_IGNORE_BACKSWING|DOTA_ABILITY_BEHAVIOR_POINT|DOTA_ABILITY_BEHAVIOR_ROOT_DISABLES,0.2,DAMAGE_TYPE_MAGICAL,,,1,gap_close,,1,,1,1,1,1,,,
void_spirit,10,special_bonus_mp_regen_150,DOTA_ABILITY_BEHAVIOR_PASSIVE,0,,,,,,,,,,,,,,,
void_spirit,11,special_bonus_unique_void_spirit_4,,,,,,,,,,,,,,,,,
void_spirit,12,special_bonus_unique_void_spirit_resonant_pulse_barrier,,,,,,,,,,,,,,,,,
void_spirit,13,special_bonus_unique_void_spirit_2,,,,,,,,,,,,,,,,,
void_spirit,14,special_bonus_unique_void_spirit_dissimilate_outerring,,,,,,,,,,,,,,,,,
void_spirit,15,special_bonus_unique_void_spirit_1,,,,,,,,,,,,,,,,,
void_spirit,16,special_bonus_unique_void_spirit_8,,,,,,,,,,,,,,,,,
void_spirit,17,special_bonus_unique_void_spirit_3,,,,,,,,,,,,,,,,,
warlock,1,warlock_fatal_bonds,DOTA_ABILITY_BEHAVIOR_DONT_PROC_OTHER_ABILITIES|DOTA_ABILITY_BEHAVIOR_IGNORE_BACKSWING|DOTA_ABILITY_BEHAVIOR_UNIT_TARGET,0.2,,,,,,,,,,,,,,,
warlock,2,warlock_shadow_word,DOTA_ABILITY_BEHAVIOR_UNIT_TARGET,0.2,DAMAGE_TYPE_MAGICAL,,,,,,,,,,,,,,
warlock,3,warlock_upheaval,DOTA_ABILITY_BEHAVIOR_AOE|DOTA_ABILITY_BEHAVIOR_CHANNELLED|DOTA_ABILITY_BEHAVIOR_POINT,0.4,DAMAGE_TYPE_MAGICAL,,,1,channel_start,,,,,,,,,,
warlock,4,warlock_eldritch_summoning,DOTA_ABILITY_BEHAVIOR_NOT_LEARNABLE|DOTA_ABILITY_BEHAVIOR_PASSIVE,0,DAMAGE_TYPE_MAGICAL,,,,,,,,,,,,,,
warlock,6,warlock_rain_of_chaos,DOTA_ABILITY_BEHAVIOR_AOE|DOTA_ABILITY_BEHAVIOR_POINT,0.5 0.5 0.5,,,,,,,,,,,,,,,
warlock,10,special_bonus_unique_warlock_5,,,,,,,,,,,,,,,,,
warlock,11,special_bonus_unique_warlock_upheaval_aoe,,,,,,,,,,,,,,,,,
warlock,12,special_bonus_unique_warlock_10,,,,,,,,,,,,,,,,,
warlock,13,special_bonus_unique_warlock_7,,,,,,,,,,,,,,,,,
warlock,14,special_bonus_unique_warlock_1,,,,,,,,,,,,,,,,,
warlock,15,special_bonus_unique_warlock_3,,,,,,,,,,,,,,,,,
warlock,16,special_bonus_unique_warlock_4,,,,,,,,,,,,,,,,,
warlock,17,special_bonus_unique_warlock_fatal_bonds_count,,,,,,,,,,,,,,,,,
weaver,1,weaver_the_swarm,DOTA_ABILITY_BEHAVIOR_IGNORE_BACKSWING|DOTA_ABILITY_BEHAVIOR_POINT,0.3 0.3 0.3 0.3,DAMAGE_TYPE_PHYSICAL,,,,,,,,,,,,,,
weaver,2,weaver_shukuchi,DOTA_ABILITY_BEHAVIOR_IGNORE_CHANNEL|DOTA_ABILITY_BEHAVIOR_IMMEDIATE|DOTA_ABILITY_BEHAVIOR_NO_TARGET,0 0 0 0,DAMAGE_TYPE_MAGICAL,,,,,,,,,,,,,,
weaver,3,weaver_geminate_attack,DOTA_ABILITY_BEHAVIOR_ATTACK|DOTA_ABILITY_BEHAVIOR_AUTOCAST|DOTA_ABILITY_BEHAVIOR_UNIT_TARGET,0,DAMAGE_TYPE_PHYSICAL,,,,,,,,,,,,,,
weaver,6,weaver_time_lapse,DOTA_ABILITY_BEHAVIOR_DONT_RESUME_ATTACK|DOTA_ABILITY_BEHAVIOR_DONT_RESUME_MOVEMENT|DOTA_ABILITY_BEHAVIOR_IGNORE_BACKSWING|DOTA_ABILITY_BEHAVIOR_NO_TARGET,0.3 0.3 0.3 0.3,,,,,,,,,,,,,,,
weaver,7,weaver_threads_of_fate,DOTA_ABILITY_BEHAVIOR_HIDDEN|DOTA_ABILITY_BEHAVIOR_PASSIVE|DOTA_ABILITY_BEHAVIOR_SKIP_FOR_KEYBINDS,0,,,,,,,,,,,,,,,
weaver,10,special_bonus_unique_weaver_shukuchi_movespeed,,,,,,,,,,,,,,,,,
weaver,11,special_bonus_strength_7,DOTA_ABILITY_BEHAVIOR_PASSIVE,0,,,,,,,,,,,,,,,
weaver,12,special_bonus_unique_weaver_1,,,,,,,,,,,,,,,,,
weaver,13,special_bonus_unique_weaver_4,,,,,,,,,,,,,,,,,
weaver,14,special_bonus_unique_weaver_2,,,,,,,,,,,,,,,,,
weaver,15,special_bonus_unique_weaver_3,,,,,,,,,,,,,,,,,
weaver,16,special_bonus_unique_weaver_6,,,,,,,,,,,,,,,,,
weaver,17,special_bonus_unique_weaver_5,,,,,,,,,,,,,,,,,
windrunner,1,windrunner_shackleshot,DOTA_ABILITY_BEHAVIOR_UNIT_TARGET,0.15,,,,1,hard_disable,,1,,1,1,1,1,,,
windrunner,2,windrunner_powershot,DOTA_ABILITY_BEHAVIOR_CHANNELLED|DOTA_ABILITY_BEHAVIOR_POINT,0,DAMAGE_TYPE_MAGICAL,,,1,channel_start,,,,,,,,,,
windrunner,3,windrunner_windrun,DOTA_ABILITY_BEHAVIOR_IMMEDIATE|DOTA_ABILITY_BEHAVIOR_NO_TARGET,0.3 0.3 0.3 0.3,,,,,,,,,,,,,,,
windrunner,4,windrunner_gale_force,DOTA_ABILITY_BEHAVIOR_HIDDEN|DOTA_ABILITY_BEHAVIOR_POINT|DOTA_ABILITY_BEHAVIOR_SHOW_IN_GUIDES|DOTA_ABILITY_BEHAVIOR_VECTOR_TARGETING,0.2,,1,,,,,,,,,,,,,
windrunner,5,windrunner_focusfire_cancel,DOTA_ABILITY_BEHAVIOR_DONT_RESUME_ATTACK|DOTA_ABILITY_BEHAVIOR_HIDDEN|DOTA_ABILITY_BEHAVIOR_NO_TARGET|DOTA_ABILITY_BEHAVIOR_TOGGLE,0.0 0.0 0.0 0.0,,,,,,,,,,,,,,,
windrunner,6,windrunner_focusfire,DOTA_ABILITY_BEHAVIOR_IGNORE_BACKSWING|DOTA_ABILITY_BEHAVIOR_UNIT_TARGET,0,,,,,,,,,,,,,,,
windrunner,7,windrunner_tailwind,DOTA_ABILITY_BEHAVIOR_FORCE_NO_INNATE_UI|DOTA_ABILITY_BEHAVIOR_HIDDEN|DOTA_ABILITY_BEHAVIOR_PASSIVE,0,,,,,,,,,,,,,,,
windrunner,10,special_bonus_unique_windranger_powershot_slow,,,,,,,,,,,,,,,,,
windrunner,11,special_bonus_unique_windranger_4,,,,,,,,,,,,,,,,,
windrunner,12,special_bonus_unique_windranger_5,,,,,,,,,,,,,,,,,
windrunner,13,special_bonus_unique_windranger_3,,,,,,,,,,,,,,,,,
windrunner,14,special_bonus_unique_windranger_6,,,,,,,,,,,,,,,,,
windrunner,15,special_bonus_unique_windranger_8,,,,,,,,,,,,,,,,,
windrunner,16,special_bonus_unique_windranger_7,,,,,,,,,,,,,,,,,
windrunner,17,special_bonus_unique_windranger_2,,,,,,,,,,,,,,,,,
winter_wyvern,1,winter_wyvern_arctic_burn,DOTA_ABILITY_BEHAVIOR_IMMEDIATE|DOTA_ABILITY_BEHAVIOR_NO_TARGET,0.0 0.0 0.0 0.0,DAMAGE_TYPE_MAGICAL,,,,,,,,,,,,,,
winter_wyvern,2,winter_wyvern_splinter_blast,DOTA_ABILITY_BEHAVIOR_AOE|DOTA_ABILITY_BEHAVIOR_UNIT_TARGET,0.3 0.3 0.3 0.3,DAMAGE_TYPE_MAGICAL,,,,,,,,,,,,,,
winter_wyvern,3,winter_wyvern_cold_embrace,DOTA_ABILITY_BEHAVIOR_UNIT_TARGET,0.3 0.3 0.3 0.3,,,,,,,,,,,,,,,
winter_wyvern,4,winter_wyvern_eldwurms_edda,DOTA_ABILITY_BEHAVIOR_FORCE_NO_INNATE_UI|DOTA_ABILITY_BEHAVIOR_HIDDEN|DOTA_ABILITY_BEHAVIOR_PASSIVE,0,,,,,,,,,,,,,,,
winter_wyvern,6,winter_wyvern_winters_curse,DOTA_ABILITY_BEHAVIOR_AOE|DOTA_ABILITY_BEHAVIOR_DONT_PROC_OTHER_ABILITIES|DOTA_ABILITY_BEHAVIOR_UNIT_TARGET,0.3 0.3 0.3 0.3,,,,1,hard_disable,,1,,1,1,1,1,,,
winter_wyvern,10,special_bonus_unique_winter_wyvern_5,DOTA_ABILITY_BEHAVIOR_PASSIVE,0,,,,,,,,,,,,,,,
winter_wyvern,11,special_bonus_attack_damage_35,DOTA_ABILITY_BEHAVIOR_PASSIVE,0,,,,,,,,,,,,,,,
winter_wyvern,12,special_bonus_unique_winter_wyvern_6,DOTA_ABILITY_BEHAVIOR_PASSIVE,0,,,,,,,,,,,,,,,
winter_wyvern,13,special_bonus_unique_winter_wyvern_2,DOTA_ABILITY_BEHAVIOR_PASSIVE,0,,,,,,,,,,,,,,,
winter_wyvern,14,special_bonus_unique_winter_wyvern_1,DOTA_ABILITY_BEHAVIOR_PASSIVE,0,,,,,,,,,,,,,,,
winter_wyvern,15,special_bonus_unique_winter_wyvern_7,DOTA_ABILITY_BEHAVIOR_PASSIVE,0,,,,,,,,,,,,,,,
winter_wyvern,16,special_bonus_unique_winter_wyvern_3,DOTA_ABILITY_BEHAVIOR_PASSIVE,0,,,,,,,,,,,,,,,
winter_wyvern,17,special_bonus_unique_winter_wyvern_4,DOTA_ABILITY_BEHAVIOR_PASSIVE,0,,,,,,,,,,,,,,,
wisp,1,wisp_tether,DOTA_ABILITY_BEHAVIOR_UNIT_TARGET,0,,,,,,,,,,,,,,,
wisp,2,wisp_spirits,DOTA_ABILITY_BEHAVIOR_IMMEDIATE|DOTA_ABILITY_BEHAVIOR_NO_TARGET,0,DAMAGE_TYPE_MAGICAL,,,,,,,,,,,,,,
wisp,3,wisp_overcharge,DOTA_ABILITY_BEHAVIOR_IMMEDIATE|DOTA_ABILITY_BEHAVIOR_NO_TARGET,0 0 0 0,,,,,,,,,,,,,,,
wisp,4,wisp_spirits_in,DOTA_ABILITY_BEHAVIOR_FORCE_KEYBIND|DOTA_ABILITY_BEHAVIOR_HIDDEN|DOTA_ABILITY_BEHAVIOR_IGNORE_BACKSWING|DOTA_ABILITY_BEHAVIOR_IGNORE_CHANNEL|DOTA_ABILITY_BEHAVIOR_IMMEDIATE|DOTA_ABILITY_BEHAVIOR_SHOW_IN_GUIDES|DOTA_ABILITY_BEHAVIOR_TOGGLE,0 0 0 0,,,,,,,,,,,,,,,
wisp,5,wisp_spirits_out,DOTA_ABILITY_BEHAVIOR_FORCE_KEYBIND|DOTA_ABILITY_BEHAVIOR_HIDDEN|DOTA_ABILITY_BEHAVIOR_IGNORE_BACKSWING|DOTA_ABILITY_BEHAVIOR_IGNORE_CHANNEL|DOTA_ABILITY_BEHAVIOR_IMMEDIATE|DOTA_ABILITY_BEHAVIOR_SHOW_IN_GUIDES|DOTA_ABILITY_BEHAVIOR_TOGGLE,0 0 0 0,,,,,,,,,,,,,,,
wisp,6,wisp_relocate,DOTA_ABILITY_BEHAVIOR_POINT,0,,,,,,,,,,,,,,,
wisp,7,wisp_tether_break,DOTA_ABILITY_BEHAVIOR_HIDDEN|DOTA_ABILITY_BEHAVIOR_NO_TARGET,0 0 0 0 0,,,,,,,,,,,,,,,
wisp,8,wisp_equilibrium,DOTA_ABILITY_BEHAVIOR_FORCE_NO_INNATE_UI|DOTA_ABILITY_BEHAVIOR_HIDDEN|DOTA_ABILITY_BEHAVIOR_PASSIVE,0,,,,,,,,,,,,,,,
wisp,10,special_bonus_unique_wisp_overcharge_duration,,,,,,,,,,,,,,,,,
wisp,11,special_bonus_strength_8,DOTA_ABILITY_BEHAVIOR_PASSIVE,0,,,,,,,,,,,,,,,
wisp,12,special_bonus_unique_wisp_3,,,,,,,,,,,,,,,,,
wisp,13,special_bonus_unique_wisp,,,,,,,,,,,,,,,,,
wisp,14,special_bonus_unique_wisp_10,,,,,,,,,,,,,,,,,
wisp,15,special_bonus_unique_wisp_6,,,,,,,,,,,,,,,,,
wisp,16,special_bonus_unique_wisp_relocate_delay,,,,,,,,,,,,,,,,,
wisp,17,special_bonus_unique_wisp_4,,,,,,,,,,,,,,,,,
witch_doctor,1,witch_doctor_paralyzing_cask,DOTA_ABILITY_BEHAVIOR_UNIT_TARGET,0.2,DAMAGE_TYPE_MAGICAL,,,,,,,,,,,,,,
witch_doctor,2,witch_doctor_voodoo_restoration,DOTA_ABILITY_BEHAVIOR_IGNORE_CHANNEL|DOTA_ABILITY_BEHAVIOR_NO_TARGET|DOTA_ABILITY_BEHAVIOR_TOGGLE,0,DAMAGE_TYPE_MAGICAL,,,,,,,,,,,,,,
witch_doctor,3,witch_doctor_maledict,DOTA_ABILITY_BEHAVIOR_AOE|DOTA_ABILITY_BEHAVIOR_IGNORE_BACKSWING|DOTA_ABILITY_BEHAVIOR_POINT,0.35 0.35 0.35 0.35,DAMAGE_TYPE_MAGICAL,,,,,,,,,,,,,,
witch_doctor,4,witch_doctor_voodoo_switcheroo,DOTA_ABILITY_BEHAVIOR_HIDDEN|DOTA_ABILITY_BEHAVIOR_NO_TARGET|DOTA_ABILITY_BEHAVIOR_SHOW_IN_GUIDES,0.1,,1,,,,,,,,,,,,,
witch_doctor,5,witch_doctor_gris_gris,DOTA_ABILITY_BEHAVIOR_INNATE_UI|DOTA_ABILITY_BEHAVIOR_PASSIVE,0,,,,,,,,,,,,,,,
witch_doctor,6,witch_doctor_death_ward,DOTA_ABILITY_BEHAVIOR_CHANNELLED|DOTA_ABILITY_BEHAVIOR_POINT,0.35 0.35 0.35,DAMAGE_TYPE_PURE,,,1,channel_start,,,,1,1,1,1,,1,1
witch_doctor,10,special_bonus_unique_witch_doctor_4,,,,,,,,,,,,,,,,,
witch_doctor,11,special_bonus_hp_200,DOTA_ABILITY_BEHAVIOR_PASSIVE,0,,,,,,,,,,,,,,,
witch_doctor,12,special_bonus_unique_witch_doctor_6,,,,,,,,,,,,,,,,,
witch_doctor,13,special_bonus_unique_witch_doctor_7,,,,,,,,,,,,,,,,,
witch_doctor,14,special_bonus_unique_witch_doctor_maledict_spread,,,,,,,,,,,,,,,,,
witch_doctor,15,special_bonus_unique_witch_doctor_2,,,,,,,,,,,,,,,,,
witch_doctor,16,special_bonus_unique_witch_doctor_3,,,,,,,,,,,,,,,,,
witch_doctor,17,special_bonus_unique_witch_doctor_5,,,,,,,,,,,,,,,,,
zuus,1,zuus_arc_lightning,DOTA_ABILITY_BEHAVIOR_UNIT_TARGET,0.2,DAMAGE_TYPE_MAGICAL,,,,,,,,,,,,,,
zuus,2,zuus_lightning_bolt,DOTA_ABILITY_BEHAVIOR_POINT|DOTA_ABILITY_BEHAVIOR_UNIT_TARGET,0.3,DAMAGE_TYPE_MAGICAL,,,1,ult_burst,,1,,1,1,1,1,,,
zuus,3,zuus_heavenly_jump,DOTA_ABILITY_BEHAVIOR_IMMEDIATE|DOTA_ABILITY_BEHAVIOR_NO_TARGET|DOTA_ABILITY_BEHAVIOR_ROOT_DISABLES,0,DAMAGE_TYPE_MAGICAL,,,,,,,,,,,,,,
zuus,4,zuus_cloud,DOTA_ABILITY_BEHAVIOR_AOE|DOTA_ABILITY_BEHAVIOR_HIDDEN|DOTA_ABILITY_BEHAVIOR_POINT|DOTA_ABILITY_BEHAVIOR_SHOW_IN_GUIDES,0.2,DAMAGE_TYPE_MAGICAL,,1,,,,,,,,,,,,
zuus,5,zuus_lightning_hands,DOTA_ABILITY_BEHAVIOR_ATTACK|DOTA_ABILITY_BEHAVIOR_SHOW_IN_GUIDES|DOTA_ABILITY_BEHAVIOR_TOGGLE,0,DAMAGE_TYPE_MAGICAL,1,,,,,,,,,,,,,
zuus,6,zuus_thundergods_wrath,DOTA_ABILITY_BEHAVIOR_NO_TARGET,0.4 0.4 0.4 0.4,DAMAGE_TYPE_MAGICAL,,,1,ult_burst,,1,,1,1,1,1,,,
zuus,7,zuus_static_field,DOTA_ABILITY_BEHAVIOR_FORCE_NO_INNATE_UI|DOTA_ABILITY_BEHAVIOR_HIDDEN|DOTA_ABILITY_BEHAVIOR_PASSIVE|DOTA_ABILITY_BEHAVIOR_SHOW_IN_GUIDES,0,DAMAGE_TYPE_MAGICAL,,,,,,,,,,,,,,
zuus,10,special_bonus_unique_zeus,,,,,,,,,,,,,,,,,
zuus,11,special_bonus_hp_200,DOTA_ABILITY_BEHAVIOR_PASSIVE,0,,,,,,,,,,,,,,,
zuus,12,special_bonus_unique_zeus_4,,,,,,,,,,,,,,,,,
zuus,13,special_bonus_unique_zeus_6,,,,,,,,,,,,,,,,,
zuus,14,special_bonus_unique_zeus_2,,,,,,,,,,,,,,,,,
zuus,15,special_bonus_unique_zeus_3,,,,,,,,,,,,,,,,,
zuus,16,special_bonus_unique_zeus_5,,,,,,,,,,,,,,,,,
zuus,17,special_bonus_unique_zeus_jump_charges,,,,,,,,,,,,,,,,,
